date,channel,region,product,sessions,conversions,revenue,cost,cpc,conversion_rate,margin
2022-12-10,Search,NA,A,1597.0,41,2070.22,79.506,0.75,0.0257,1672.69
2022-12-10,Search,NA,B,1710.0,43,1782.98,348.77,0.61,0.0251,1434.21
2022-12-10,Search,NA,C,1662.0,45,1884.58,66.966,0.6,0.0271,1549.75
2022-12-10,Search,EU,A,1383.0,37,1791.43,293.37,0.64,0.0268,1498.06
2022-12-10,Search,EU,B,1566.0,34,1331.61,358.49,0.69,0.0217,973.12
2022-12-10,Search,EU,C,1350.0,35,1381.29,296.39,0.66,0.0259,1952.8200000000002
2022-12-10,Search,APAC,A,1655.0,42,2102.99,353.23,0.64,0.0254,1749.76
2022-12-10,Search,APAC,B,1692.0,44,1702.01,406.96,0.72,0.026,1295.05
2022-12-10,Search,APAC,C,1531.0,38,1510.9,376.27,0.74,0.0248,1134.63
2022-12-10,Social,NA,A,1119.0,26,1353.21,226.4,0.61,0.0232,1126.81
2022-12-10,Social,NA,B,1281.0,30,1202.41,282.9,0.66,0.0234,919.51
2022-12-10,Social,NA,C,1040.0,27,1109.71,275.31,0.79,0.0104,834.41
2022-12-10,Social,EU,A,1052.0,27,1308.96,216.67,0.62,0.0257,1092.29
2022-12-10,Social,EU,B,1101.0,27,1055.31,248.92,0.68,0.0245,1774.036
2022-12-10,Social,EU,C,980.0,27,2386.142,214.43,0.66,0.0275,870.18
2022-12-10,Social,APAC,A,1139.0,28,1468.16,233.55,0.61,0.0246,1234.61
2022-12-10,Social,APAC,B,1191.0,32,1320.38,238.72,0.6,0.0269,1081.66
2022-12-10,Social,APAC,C,1181.0,32,1225.48,297.14,0.75,0.0271,928.34
2022-12-10,Email,NA,A,1069.0,27,1503.31,275.48,0.77,0.0252,1227.83
2022-12-10,Email,NA,B,1203.0,30,1326.4,265.6,0.66,0.0249,1060.8
2022-12-10,Email,NA,C,1168.0,33,1480.87,302.88,0.78,0.0282,1177.99
2022-12-10,Email,EU,A,1029.0,25,1383.43,258.16,0.75,0.00486,1125.26
2022-12-10,Email,EU,B,1106.0,32,571.828,259.9,0.7,0.0289,1169.67
2022-12-10,Email,EU,C,1013.0,25,1125.96,223.88,0.66,0.0247,902.09
2022-12-10,Email,APAC,A,1106.0,29,1635.76,251.65,0.68,0.0262,1384.12
2022-12-10,Email,APAC,B,1183.0,29,1345.21,310.05,0.79,0.0245,1035.16
2022-12-10,Email,APAC,C,1174.0,31,1351.28,297.94,0.76,0.0264,1053.34
2022-12-10,Direct,NA,A,1125.0,31,1611.39,114.30799999999999,0.76,0.0275,1325.63
2022-12-10,Direct,NA,B,1189.0,30,1191.25,256.06,0.65,0.0252,935.2
2022-12-10,Direct,NA,C,1137.0,30,1201.29,228.08,0.6,0.0264,973.21
2022-12-10,Direct,EU,A,923.0,23,1131.33,191.99,0.62,0.0249,939.33
2022-12-10,Direct,EU,B,1099.0,29,1183.55,103.136,0.7,0.0264,925.71
2022-12-10,Direct,EU,C,1023.0,26,1014.19,270.36,0.79,0.0254,743.83
2022-12-10,Direct,APAC,A,1004.0,26,1239.8,220.06,0.66,0.0259,1019.74
2022-12-10,Direct,APAC,B,1235.0,38,1486.35,251.36,0.61,0.0308,1234.99
2022-12-10,Direct,APAC,C,1108.0,29,1158.78,232.4,0.63,0.0262,926.38
2022-12-10,Affiliate,NA,A,1188.0,32,1636.51,256.54,0.65,0.0269,1379.97
2022-12-10,Affiliate,NA,B,1316.0,30,1204.29,318.82,0.73,0.0228,885.47
2022-12-10,Affiliate,NA,C,1060.0,26,1049.45,215.0,0.61,0.0245,834.46
2022-12-10,Affiliate,EU,A,914.0,23,1112.55,222.35,0.73,0.0251,890.21
2022-12-10,Affiliate,EU,B,1053.0,30,1156.5,276.52,0.79,0.0285,879.98
2022-12-10,Affiliate,EU,C,961.0,24,996.22,251.44,0.78,0.025,744.78
2022-12-10,Affiliate,APAC,A,1168.0,27,1357.45,654.368,0.76,0.0231,1060.01
2022-12-10,Affiliate,APAC,B,1135.0,29,1206.08,234.16,0.62,0.0255,971.92
2022-12-10,Affiliate,APAC,C,1135.0,31,1221.3,252.79,0.67,0.0273,1743.336
2022-12-11,Search,NA,A,1709.0,52,2672.77,442.94,0.78,0.0304,4905.626
2022-12-11,Search,NA,B,1804.0,54,2246.09,380.44,0.63,0.0299,1865.65
2022-12-11,Search,NA,C,1695.0,48,1854.88,747.296,0.6,0.0283,1515.19
2022-12-11,Search,EU,A,1622.0,50,2431.07,394.93,0.73,0.0308,2036.14
2022-12-11,Search,EU,B,1602.0,50,409.86000000000007,781.682,0.67,0.0312,1693.99
2022-12-11,Search,EU,C,1567.0,48,1933.12,382.33,0.73,0.0306,1550.78
2022-12-11,Search,APAC,A,1663.0,47,2289.84,362.05,0.65,0.0283,1927.78
2022-12-11,Search,APAC,B,1841.0,56,2269.38,477.72,0.78,0.0304,1791.66
2022-12-11,Search,APAC,C,1678.0,55,2198.35,400.31,0.72,0.0328,1798.04
2022-12-11,Social,NA,A,1236.0,34,1619.13,270.35,0.66,0.0275,1348.78
2022-12-11,Social,NA,B,1254.0,38,1589.0,329.46,0.79,0.0303,1259.54
2022-12-11,Social,NA,C,1185.0,37,1543.39,238.25,0.6,0.0312,1305.14
2022-12-11,Social,EU,A,1107.0,32,1656.48,292.54,0.79,0.0289,2455.092
2022-12-11,Social,EU,B,1135.0,30,1178.03,291.6,0.77,0.0264,886.44
2022-12-11,Social,EU,C,2400.2000000000003,29,1182.74,286.43,0.79,0.0266,896.31
2022-12-11,Social,APAC,A,1145.0,34,1783.31,276.07,0.72,0.0297,1507.24
2022-12-11,Social,APAC,B,1321.0,36,1474.67,341.7,0.78,0.0272,1132.97
2022-12-11,Social,APAC,C,1263.0,40,1566.97,282.99,0.67,0.0317,1283.99
2022-12-11,Email,NA,A,1229.0,38,2176.37,316.96,0.77,0.0309,1859.41
2022-12-11,Email,NA,B,1349.0,50,2283.74,341.67,0.76,0.0371,1942.07
2022-12-11,Email,NA,C,1255.0,39,1726.57,325.67,0.78,0.0311,1400.9
2022-12-11,Email,EU,A,1032.0,30,1573.43,246.26,0.72,0.0291,1327.17
2022-12-11,Email,EU,B,1325.0,34,1543.9,290.41,0.66,0.0257,1253.49
2022-12-11,Email,EU,C,1050.0,33,1488.3,218.97,0.63,0.0314,1269.33
2022-12-11,Email,APAC,A,1155.0,36,1897.9,279.11,0.72,0.0312,1618.79
2022-12-11,Email,APAC,B,1321.0,37,1687.88,311.84,0.71,0.028,1376.04
2022-12-11,Email,APAC,C,1077.0,32,1407.0,109.0,0.76,0.0297,1134.5
2022-12-11,Direct,NA,A,1150.0,34,1778.65,232.14,0.61,0.0295,1546.51
2022-12-11,Direct,NA,B,1348.0,42,1625.11,306.51,0.68,0.0311,1318.6
2022-12-11,Direct,NA,C,1170.0,33,1348.33,276.85,0.71,0.0282,1071.48
2022-12-11,Direct,EU,A,1003.0,31,1586.87,264.46,0.79,0.0309,1322.42
2022-12-11,Direct,EU,B,2363.4,42,1637.62,299.53,0.68,0.032,1338.09
2022-12-11,Direct,EU,C,1154.0,32,1230.86,232.05,0.6,0.0277,998.81
2022-12-11,Direct,APAC,A,1225.0,38,1823.59,283.76,0.69,0.031,1539.82
2022-12-11,Direct,APAC,B,1123.0,31,1231.8,237.76,0.63,0.0276,994.04
2022-12-11,Direct,APAC,C,1296.0,35,1336.34,314.19,0.73,0.027,1022.15
2022-12-11,Affiliate,NA,A,1285.0,34,1760.6,300.11,0.7,0.0265,1460.5
2022-12-11,Affiliate,NA,B,1259.0,38,1541.65,257.83,0.61,0.0302,1283.82
2022-12-11,Affiliate,NA,C,1202.0,35,1410.57,315.94,0.79,0.0291,1094.63
2022-12-11,Affiliate,EU,A,1173.0,32,1607.3,270.63,0.69,0.0273,1336.67
2022-12-11,Affiliate,EU,B,1177.0,36,2697.066,310.94,0.79,0.0306,1187.43
2022-12-11,Affiliate,EU,C,1095.0,31,1217.55,224.31,0.61,0.0283,993.24
2022-12-11,Affiliate,APAC,A,1163.0,36,1835.41,241.8,0.62,0.0309,1593.61
2022-12-11,Affiliate,APAC,B,1372.0,41,1689.77,341.73,0.75,0.0299,1348.04
2022-12-11,Affiliate,APAC,C,1148.0,33,1360.5,287.25,0.75,0.0287,1073.25
2022-12-12,Search,NA,A,1704.0,53,2723.25,383.12,0.67,0.0311,2340.13
2022-12-12,Search,NA,B,1908.0,58,2303.53,491.02,0.77,0.0304,1812.51
2022-12-12,Search,NA,C,1755.0,57,2371.78,363.07,0.62,0.0325,2008.71
2022-12-12,Search,EU,A,1613.0,49,2546.9,357.08,0.66,0.0304,2189.82
2022-12-12,Search,EU,B,1707.0,52,2095.28,449.82,0.79,0.0304,1645.46
2022-12-12,Search,EU,C,1485.0,52,2044.36,326.22,0.66,0.035,1718.14
2022-12-12,Search,APAC,A,1775.0,57,2932.54,448.67,0.76,0.0321,2483.87
2022-12-12,Search,APAC,B,1875.0,54,2170.7,382.26,0.61,0.0288,1788.44
2022-12-12,Search,APAC,C,1764.0,53,2038.82,394.07,0.67,0.03,1644.75
2022-12-12,Social,NA,A,1242.0,36,1728.2,299.83,0.72,0.029,1428.37
2022-12-12,Social,NA,B,1354.0,40,1651.5,277.52,0.61,0.0295,1373.98
2022-12-12,Social,NA,C,1189.0,37,1552.02,244.72,0.62,0.0311,1307.3
2022-12-12,Social,EU,A,1009.0,28,1462.61,256.61,0.76,0.0277,1206.01
2022-12-12,Social,EU,B,1162.0,35,1408.18,292.84,0.76,0.0301,1115.34
2022-12-12,Social,EU,C,1147.0,35,1398.97,238.08,0.62,0.0305,1160.89
2022-12-12,Social,APAC,A,1217.0,36,1731.39,247.99,0.61,0.0296,1483.4
2022-12-12,Social,APAC,B,1359.0,39,1573.01,339.49,0.75,0.0287,1233.51
2022-12-12,Social,APAC,C,1211.0,38,1576.03,265.42,0.66,0.0314,1310.61
2022-12-12,Email,NA,A,1231.0,38,2101.26,252.39,0.61,0.0309,1848.86
2022-12-12,Email,NA,B,1341.0,42,385.40000000000003,324.59,0.73,0.0313,1602.4
2022-12-12,Email,NA,C,1347.0,39,1825.4,321.97,0.72,0.0289,1503.43
2022-12-12,Email,EU,A,1227.0,35,1864.96,268.26,0.66,0.0285,1596.7
2022-12-12,Email,EU,B,1078.0,32,551.676,257.69,0.72,0.0297,1121.5
2022-12-12,Email,EU,C,1116.0,38,1763.66,246.43,0.66,0.034,1517.23
2022-12-12,Email,APAC,A,1164.0,37,2100.64,303.57,0.78,0.0318,1797.07
2022-12-12,Email,APAC,B,1260.0,43,2005.83,330.57,0.79,0.0341,1675.27
2022-12-12,Email,APAC,C,1288.0,38,1650.22,342.64,0.8,0.0295,1307.58
2022-12-12,Direct,NA,A,1115.0,37,1913.29,295.21,0.79,0.0332,1618.08
2022-12-12,Direct,NA,B,1333.0,44,1720.12,303.5,0.68,0.033,1416.62
2022-12-12,Direct,NA,C,1218.0,37,1545.83,306.18,0.75,0.0304,1239.65
2022-12-12,Direct,EU,A,1069.0,34,1636.96,246.0,0.69,0.0318,1390.96
2022-12-12,Direct,EU,B,1213.0,38,1546.1,261.15,0.65,0.0313,1284.95
2022-12-12,Direct,EU,C,1004.0,33,1342.65,208.47,0.62,0.0329,1134.17
2022-12-12,Direct,APAC,A,1311.0,40,2070.44,307.73,0.7,0.0305,1762.71
2022-12-12,Direct,APAC,B,1463.0,50,1980.7,378.28,0.78,0.0342,1602.41
2022-12-12,Direct,APAC,C,1256.0,42,1631.78,310.39,0.74,0.0334,1321.39
2022-12-12,Affiliate,NA,A,1281.0,35,1739.06,289.86,0.68,0.0273,1449.2
2022-12-12,Affiliate,NA,B,1323.0,42,1727.65,310.14,0.7,0.0317,567.004
2022-12-12,Affiliate,NA,C,1315.0,36,1504.73,338.84,0.77,0.0054800000000000005,1165.89
2022-12-12,Affiliate,EU,A,994.0,30,1572.0,229.27,0.69,0.0302,1342.73
2022-12-12,Affiliate,EU,B,1081.0,33,1285.7,262.09,0.73,0.0305,1023.61
2022-12-12,Affiliate,EU,C,1118.0,32,1260.25,237.24,0.64,0.0286,1023.0
2022-12-12,Affiliate,APAC,A,1214.0,39,1886.1,296.94,0.73,0.0321,1589.16
2022-12-12,Affiliate,APAC,B,1308.0,38,1457.48,277.08,0.64,0.029,1180.4
2022-12-12,Affiliate,APAC,C,1211.0,34,1341.54,259.03,0.64,0.0281,1082.51
2022-12-13,Search,NA,A,1748.0,49,2523.36,354.2,0.61,0.028,2169.16
2022-12-13,Search,NA,B,1751.0,50,2084.17,452.24,0.77,0.0286,1631.93
2022-12-13,Search,NA,C,1623.0,45,1844.69,411.95,0.76,0.0277,1432.74
2022-12-13,Search,EU,A,1435.0,38,379.41200000000003,322.52,0.67,0.0265,1574.54
2022-12-13,Search,EU,B,1522.0,47,1926.52,351.56,0.69,0.0309,1574.96
2022-12-13,Search,EU,C,1501.0,43,1725.52,351.59,0.7,0.0286,1373.94
2022-12-13,Search,APAC,A,1622.0,42,2045.92,382.12,0.71,0.0259,1663.8
2022-12-13,Search,APAC,B,1747.0,44,1728.69,351.91,0.6,0.0252,1376.78
2022-12-13,Search,APAC,C,1591.0,41,1704.05,330.99,0.62,0.0258,1373.06
2022-12-13,Social,NA,A,1265.0,37,1849.71,319.72,0.76,0.0292,1529.99
2022-12-13,Social,NA,B,1285.0,33,1352.4,307.4,0.72,0.0257,1045.0
2022-12-13,Social,NA,C,2424.4,30,1183.57,241.29,0.66,0.0272,942.28
2022-12-13,Social,EU,A,1103.0,35,1835.14,246.91,0.67,0.0317,1588.23
2022-12-13,Social,EU,B,1068.0,31,1196.95,221.03,0.62,0.029,975.93
2022-12-13,Social,EU,C,1008.0,27,1056.79,214.34,0.64,0.0268,842.45
2022-12-13,Social,APAC,A,1167.0,30,1572.36,265.41,0.68,0.0257,1306.95
2022-12-13,Social,APAC,B,1266.0,33,1368.25,335.17,0.79,0.0261,206.61599999999999
2022-12-13,Social,APAC,C,1129.0,33,1342.26,238.84,0.63,0.0292,1103.42
2022-12-13,Email,NA,A,1170.0,34,1828.86,278.68,0.71,0.029,1550.18
2022-12-13,Email,NA,B,1241.0,36,1607.92,275.01,0.66,0.06380000000000001,1332.91
2022-12-13,Email,NA,C,1066.0,30,1364.93,221.52,0.62,0.0281,1143.41
2022-12-13,Email,EU,A,1086.0,26,1427.3,228.44,0.63,0.0239,1198.86
2022-12-13,Email,EU,B,1113.0,31,1344.0,247.73,0.67,0.0278,1973.286
2022-12-13,Email,EU,C,443.20000000000005,29,1328.69,240.49,0.65,0.0262,1088.2
2022-12-13,Email,APAC,A,2631.2000000000003,37,2017.06,276.85,0.69,0.0309,1740.21
2022-12-13,Email,APAC,B,1315.0,36,1695.33,335.95,0.77,0.0274,1359.39
2022-12-13,Email,APAC,C,1186.0,31,1350.53,311.58,0.79,0.0261,1038.96
2022-12-13,Direct,NA,A,467.6,32,1654.69,278.72,0.71,0.0274,1375.97
2022-12-13,Direct,NA,B,1301.0,35,1352.91,277.72,0.64,0.0269,1075.19
2022-12-13,Direct,NA,C,1188.0,32,1282.95,290.31,0.73,0.0269,992.64
2022-12-13,Direct,EU,A,1100.0,30,1547.49,248.84,0.68,0.0273,1298.65
2022-12-13,Direct,EU,B,1030.0,26,1019.34,237.89,0.69,0.0252,781.46
2022-12-13,Direct,EU,C,1049.0,33,1372.74,226.06,0.65,0.0315,1146.68
2022-12-13,Direct,APAC,A,1214.0,28,1417.39,316.22,0.78,0.0231,1101.18
2022-12-13,Direct,APAC,B,1192.0,36,1482.34,249.5,0.63,0.0302,1232.84
2022-12-13,Direct,APAC,C,1202.0,39,1605.02,312.14,0.78,0.0324,1292.89
2022-12-13,Affiliate,NA,A,1136.0,30,1536.59,246.21,0.65,0.0264,1290.38
2022-12-13,Affiliate,NA,B,1285.0,34,1411.24,322.36,0.75,0.0265,1088.88
2022-12-13,Affiliate,NA,C,1226.0,33,1365.73,254.39,0.62,0.0269,1111.35
2022-12-13,Affiliate,EU,A,1031.0,27,1302.74,261.2,0.76,0.0262,1041.54
2022-12-13,Affiliate,EU,B,1198.0,31,1257.5,297.16,0.74,0.0259,960.34
2022-12-13,Affiliate,EU,C,1072.0,34,1339.01,232.57,0.65,0.0317,1106.45
2022-12-13,Affiliate,APAC,A,1057.0,32,1671.57,244.12,0.69,0.0303,1427.44
2022-12-13,Affiliate,APAC,B,1297.0,33,1334.71,303.3,0.7,0.0254,1031.41
2022-12-13,Affiliate,APAC,C,1171.0,34,1417.46,288.59,0.74,0.029,1128.87
2022-12-14,Search,NA,A,1461.0,36,1819.21,348.48,0.72,0.004920000000000001,1470.73
2022-12-14,Search,NA,B,1755.0,40,1668.09,460.47,0.79,0.0228,483.048
2022-12-14,Search,NA,C,1449.0,34,1406.09,385.12,0.8,0.0235,1020.97
2022-12-14,Search,EU,A,1361.0,35,1732.33,325.97,0.72,0.0257,1406.36
2022-12-14,Search,EU,B,1484.0,34,1292.63,376.35,0.76,0.0229,916.28
2022-12-14,Search,EU,C,1297.0,26,1083.66,305.97,0.71,0.02,777.7
2022-12-14,Search,APAC,A,1431.0,30,1492.83,356.72,0.75,0.021,1136.11
2022-12-14,Search,APAC,B,3616.8,34,1315.99,68.864,0.63,0.0207,971.67
2022-12-14,Search,APAC,C,1347.0,31,1222.94,351.62,0.78,0.0092,871.32
2022-12-14,Social,NA,A,1188.0,31,630.14,238.81,0.6,0.0261,534.616
2022-12-14,Social,NA,B,1169.0,25,1049.69,240.57,0.62,0.0214,809.12
2022-12-14,Social,NA,C,1232.0,29,1189.0,251.97,0.61,0.0235,937.02
2022-12-14,Social,EU,A,981.0,23,1114.43,209.83,0.64,0.0234,904.6
2022-12-14,Social,EU,B,1065.0,24,918.31,253.14,0.71,0.0225,665.17
2022-12-14,Social,EU,C,954.0,25,994.08,224.34,0.7,0.0262,769.73
2022-12-14,Social,APAC,A,460.8,22,1065.01,242.46,0.63,0.0191,822.55
2022-12-14,Social,APAC,B,1101.0,24,951.24,267.53,0.73,0.0218,683.71
2022-12-14,Social,APAC,C,1134.0,29,1127.75,228.86,0.61,0.0256,898.89
2022-12-14,Email,NA,A,1121.0,24,1267.74,225.71,0.6,0.0214,1042.03
2022-12-14,Email,NA,B,1154.0,28,1227.01,281.07,0.73,0.0243,945.94
2022-12-14,Email,NA,C,1063.0,24,1118.42,263.91,0.74,0.0226,854.51
2022-12-14,Email,EU,A,948.0,24,256.212,231.93,0.73,0.0253,1049.12
2022-12-14,Email,EU,B,1102.0,25,1078.37,221.5,0.6,0.0227,856.87
2022-12-14,Email,EU,C,989.0,21,982.11,225.74,0.68,0.0212,756.37
2022-12-14,Email,APAC,A,1046.0,27,1467.13,227.41,0.65,0.0258,1239.73
2022-12-14,Email,APAC,B,1092.0,27,1203.99,263.91,0.72,0.0247,940.08
2022-12-14,Email,APAC,C,952.0,25,1175.45,209.31,0.66,0.0262,966.15
2022-12-14,Direct,NA,A,1045.0,25,1248.43,269.56,0.77,0.0239,978.87
2022-12-14,Direct,NA,B,1192.0,28,1066.52,272.32,0.69,0.0235,794.2
2022-12-14,Direct,NA,C,1096.0,22,858.69,265.58,0.73,0.0201,593.12
2022-12-14,Direct,EU,A,980.0,23,1152.95,260.41,0.8,0.0235,892.54
2022-12-14,Direct,EU,B,1034.0,23,958.12,208.22,0.6,0.00444,749.9
2022-12-14,Direct,EU,C,981.0,21,844.55,214.31,0.65,0.0214,630.24
2022-12-14,Direct,APAC,A,1139.0,28,1331.54,243.61,0.64,0.0246,1087.93
2022-12-14,Direct,APAC,B,1201.0,30,1219.8,288.3,0.72,0.025,931.51
2022-12-14,Direct,APAC,C,967.0,20,763.76,226.96,0.7,0.0207,536.8
2022-12-14,Affiliate,NA,A,1108.0,24,1212.38,227.91,0.62,0.0216,984.46
2022-12-14,Affiliate,NA,B,1149.0,24,946.14,251.91,0.66,0.0209,694.23
2022-12-14,Affiliate,NA,C,1019.0,26,1037.51,242.36,0.71,0.0255,795.15
2022-12-14,Affiliate,EU,A,999.0,24,1165.79,248.77,0.75,0.024,917.03
2022-12-14,Affiliate,EU,B,1032.0,24,969.3,240.69,0.7,0.0232,728.61
2022-12-14,Affiliate,EU,C,1039.0,23,880.91,215.2,0.62,0.0221,133.14200000000002
2022-12-14,Affiliate,APAC,A,1075.0,29,1440.55,264.53,0.74,0.027,1176.02
2022-12-14,Affiliate,APAC,B,1228.0,27,1101.03,311.09,0.76,0.022,789.94
2022-12-14,Affiliate,APAC,C,1115.0,23,882.43,249.88,0.67,0.0206,632.55
2022-12-15,Search,NA,A,1429.0,31,1556.49,303.48,0.64,0.0217,1253.02
2022-12-15,Search,NA,B,1599.0,35,1422.23,405.99,0.76,0.0219,1016.24
2022-12-15,Search,NA,C,1483.0,32,1278.65,321.43,0.65,0.0216,957.21
2022-12-15,Search,EU,A,1316.0,28,1409.51,279.06,0.64,0.0213,1130.45
2022-12-15,Search,EU,B,1354.0,31,1298.41,354.36,0.78,0.0229,944.05
2022-12-15,Search,EU,C,1287.0,28,1158.59,331.6,0.77,0.0217,826.99
2022-12-15,Search,APAC,A,1489.0,29,1463.96,301.67,0.61,0.0195,1162.29
2022-12-15,Search,APAC,B,1550.0,31,1264.34,318.15,0.62,0.02,946.19
2022-12-15,Search,APAC,C,1509.0,29,1138.57,308.38,0.61,0.0192,830.2
2022-12-15,Social,NA,A,1110.0,23,1164.48,245.78,0.66,0.0207,918.7
2022-12-15,Social,NA,B,1142.0,26,990.54,246.24,0.65,0.0228,744.3
2022-12-15,Social,NA,C,1028.0,23,947.49,270.21,0.79,0.0224,677.27
2022-12-15,Social,EU,A,890.0,21,1063.39,206.61,0.7,0.0236,856.78
2022-12-15,Social,EU,B,987.0,23,941.86,225.14,0.68,0.0233,716.72
2022-12-15,Social,EU,C,896.0,18,704.68,200.48,0.67,0.0201,504.2
2022-12-15,Social,APAC,A,963.0,18,856.61,195.46,0.61,0.0187,661.15
2022-12-15,Social,APAC,B,2472.8,24,977.25,253.68,0.68,0.0213,723.56
2022-12-15,Social,APAC,C,1083.0,22,877.13,284.84,0.79,0.0203,592.29
2022-12-15,Email,NA,A,956.0,20,1070.48,254.55,0.8,0.0209,815.93
2022-12-15,Email,NA,B,1136.0,25,225.28600000000003,273.33,0.72,0.022,853.1
2022-12-15,Email,NA,C,985.0,19,828.19,211.65,0.64,0.0193,616.54
2022-12-15,Email,EU,A,883.0,20,1151.6,180.09,0.61,0.0226,971.52
2022-12-15,Email,EU,B,1099.0,21,912.29,270.8,0.74,0.0191,641.49
2022-12-15,Email,EU,C,888.0,19,858.16,190.96,0.64,0.0214,667.2
2022-12-15,Email,APAC,A,1116.0,27,1541.05,230.19,0.62,0.0242,1310.86
2022-12-15,Email,APAC,B,1089.0,22,1035.11,282.5,0.78,0.0202,752.61
2022-12-15,Email,APAC,C,1041.0,22,995.03,253.72,0.73,0.0211,741.31
2022-12-15,Direct,NA,A,1013.0,19,927.18,227.86,0.67,0.0187,699.31
2022-12-15,Direct,NA,B,1124.0,27,1049.78,230.97,0.62,0.024,818.81
2022-12-15,Direct,NA,C,992.0,21,839.59,254.95,0.77,0.0211,584.65
2022-12-15,Direct,EU,A,1073.0,21,206.804,273.66,0.76,0.0196,760.36
2022-12-15,Direct,EU,B,1054.0,26,1079.38,229.72,0.65,0.0247,849.66
2022-12-15,Direct,EU,C,957.0,22,912.32,245.69,0.77,0.023,666.63
2022-12-15,Direct,APAC,A,1073.0,23,1170.72,264.56,0.74,0.0214,906.16
2022-12-15,Direct,APAC,B,1209.0,27,1121.13,254.66,0.63,0.0223,866.47
2022-12-15,Direct,APAC,C,1014.0,21,860.45,225.46,0.67,0.0207,635.0
2022-12-15,Affiliate,NA,A,1882.8,21,1050.78,267.27,0.77,0.0201,783.52
2022-12-15,Affiliate,NA,B,1137.0,24,936.94,275.51,0.73,0.0211,661.43
2022-12-15,Affiliate,NA,C,1062.0,27,1037.55,267.81,0.76,0.0254,769.75
2022-12-15,Affiliate,EU,A,936.0,22,1082.61,247.45,0.79,0.0235,835.16
2022-12-15,Affiliate,EU,B,1050.0,22,918.48,217.23,0.62,0.0209,701.24
2022-12-15,Affiliate,EU,C,894.0,19,775.82,196.92,0.66,0.0212,578.9
2022-12-15,Affiliate,APAC,A,1032.0,20,1012.09,230.2,0.67,0.0194,781.89
2022-12-15,Affiliate,APAC,B,1092.0,23,876.26,273.83,0.75,0.021,602.43
2022-12-15,Affiliate,APAC,C,1117.0,23,915.02,274.52,0.74,0.0206,640.5
2022-12-16,Search,NA,A,1374.0,24,1235.38,289.85,0.63,0.0175,945.53
2022-12-16,Search,NA,B,1546.0,36,1465.99,317.69,0.62,0.0233,1148.3
2022-12-16,Search,NA,C,1384.0,32,1235.34,364.63,0.79,0.0231,870.71
2022-12-16,Search,EU,A,1354.0,29,1470.09,308.7,0.68,0.0214,1161.38
2022-12-16,Search,EU,B,1355.0,28,1109.85,359.89,0.8,0.0207,749.95
2022-12-16,Search,EU,C,1300.0,29,1105.61,278.59,0.64,0.0223,827.02
2022-12-16,Search,APAC,A,1386.0,34,1695.45,71.41799999999999,0.77,0.0245,1338.36
2022-12-16,Search,APAC,B,1627.0,37,1531.03,409.23,0.75,0.0227,1121.79
2022-12-16,Search,APAC,C,1499.0,37,1410.81,313.07,0.63,0.0247,1097.74
2022-12-16,Social,NA,A,1055.0,24,1197.78,267.15,0.76,0.0227,930.64
2022-12-16,Social,NA,B,1107.0,28,1119.06,236.3,0.64,0.0253,882.76
2022-12-16,Social,NA,C,1051.0,21,864.99,229.13,0.65,0.02,635.86
2022-12-16,Social,EU,A,912.0,16,765.8,183.22,0.6,0.0175,582.58
2022-12-16,Social,EU,B,1006.0,17,665.83,241.47,0.72,0.0169,424.36
2022-12-16,Social,EU,C,986.0,22,839.49,248.58,0.76,0.0223,590.91
2022-12-16,Social,APAC,A,985.0,21,1101.1,213.04,0.65,0.0213,888.06
2022-12-16,Social,APAC,B,1147.0,22,897.82,276.87,0.72,0.0192,620.94
2022-12-16,Social,APAC,C,1030.0,22,881.56,228.51,0.67,0.0214,653.04
2022-12-16,Email,NA,A,1028.0,21,1106.33,208.05,0.61,0.0204,898.28
2022-12-16,Email,NA,B,1087.0,23,1054.61,258.76,0.71,0.0211,795.85
2022-12-16,Email,NA,C,1009.0,23,994.07,213.16,0.63,0.0228,780.92
2022-12-16,Email,EU,A,1023.0,24,1377.58,206.81,0.61,0.0235,1170.77
2022-12-16,Email,EU,B,1036.0,21,980.06,256.38,0.74,0.0203,723.68
2022-12-16,Email,EU,C,993.0,23,1067.58,221.08,0.67,0.0232,846.5
2022-12-16,Email,APAC,A,1122.0,25,1394.74,258.4,0.69,0.0223,1136.34
2022-12-16,Email,APAC,B,1252.0,28,1204.6,257.26,0.62,0.0224,947.35
2022-12-16,Email,APAC,C,1004.0,21,918.47,259.31,0.77,0.0209,659.16
2022-12-16,Direct,NA,A,1075.0,22,1099.8,262.22,0.73,0.0369,837.58
2022-12-16,Direct,NA,B,1251.0,28,1175.59,269.41,0.65,0.0224,906.18
2022-12-16,Direct,NA,C,1045.0,23,936.58,223.11,0.64,0.022,713.47
2022-12-16,Direct,EU,A,923.0,17,869.31,238.26,0.77,0.0184,1135.8899999999999
2022-12-16,Direct,EU,B,1004.0,25,987.1,224.01,0.67,0.0249,763.09
2022-12-16,Direct,EU,C,2094.4,23,940.72,218.42,0.69,0.0241,722.3
2022-12-16,Direct,APAC,A,1108.0,24,1190.61,288.24,0.78,0.0217,902.37
2022-12-16,Direct,APAC,B,1187.0,22,854.54,309.65,0.78,0.0185,544.89
2022-12-16,Direct,APAC,C,1132.0,28,1078.74,281.8,0.75,0.0247,796.94
2022-12-16,Affiliate,NA,A,1073.0,24,1168.51,227.52,0.64,0.0224,940.98
2022-12-16,Affiliate,NA,B,1146.0,28,1161.52,248.2,0.65,0.0244,913.32
2022-12-16,Affiliate,NA,C,1089.0,17,686.32,244.1,0.67,0.0156,442.22
2022-12-16,Affiliate,EU,A,917.0,18,878.23,242.82,0.79,0.0196,635.42
2022-12-16,Affiliate,EU,B,191.0,23,886.04,240.39,0.75,0.0241,645.65
2022-12-16,Affiliate,EU,C,936.0,21,804.17,202.04,0.65,0.008960000000000001,602.13
2022-12-16,Affiliate,APAC,A,1048.0,20,1032.89,233.21,0.67,0.0191,799.68
2022-12-16,Affiliate,APAC,B,1054.0,22,898.2,254.33,0.72,0.0209,643.87
2022-12-16,Affiliate,APAC,C,2248.4,21,859.86,207.06,0.61,0.0205,652.8
2022-12-17,Search,NA,A,1551.0,46,2370.3,397.74,0.77,0.0296,1972.56
2022-12-17,Search,NA,B,1790.0,47,1807.04,382.62,0.64,0.0263,1424.43
2022-12-17,Search,NA,C,1567.0,40,1669.86,368.89,0.71,0.0255,1300.97
2022-12-17,Search,EU,A,1458.0,37,1851.34,709.1920000000001,0.66,0.0254,305.796
2022-12-17,Search,EU,B,1610.0,42,1682.62,370.94,0.69,0.0261,1311.68
2022-12-17,Search,EU,C,1539.0,39,1486.68,322.23,0.63,0.0253,1164.45
2022-12-17,Search,APAC,A,1637.0,39,1983.82,349.6,0.64,0.0238,1634.22
2022-12-17,Search,APAC,B,1690.0,50,1935.43,436.07,0.77,0.0296,2698.848
2022-12-17,Search,APAC,C,1623.0,43,1751.52,426.94,0.79,0.0265,1324.58
2022-12-17,Social,NA,A,1266.0,32,1611.3,326.68,0.77,0.0253,1284.62
2022-12-17,Social,NA,B,1300.0,36,1462.88,278.89,0.64,0.0277,1183.99
2022-12-17,Social,NA,C,1220.0,28,1137.68,252.74,0.62,0.0229,884.93
2022-12-17,Social,EU,A,1006.0,26,1336.71,259.67,0.77,0.0258,1077.04
2022-12-17,Social,EU,B,1207.0,32,1267.73,312.34,0.78,0.0265,955.39
2022-12-17,Social,EU,C,1081.0,25,1026.23,274.54,0.76,0.0231,751.69
2022-12-17,Social,APAC,A,1104.0,31,1491.13,281.12,0.76,0.0281,1210.01
2022-12-17,Social,APAC,B,1224.0,31,1223.44,271.33,0.66,0.0253,952.11
2022-12-17,Social,APAC,C,243.60000000000002,29,1154.05,275.16,0.68,0.0238,878.89
2022-12-17,Email,NA,A,1084.0,25,1316.31,233.23,0.65,0.0231,1083.09
2022-12-17,Email,NA,B,1333.0,37,1658.92,321.68,0.72,0.0278,1337.24
2022-12-17,Email,NA,C,1181.0,29,1302.28,277.13,0.7,0.0246,1025.15
2022-12-17,Email,EU,A,926.0,21,1158.88,221.19,0.72,0.0227,937.69
2022-12-17,Email,EU,B,1194.0,32,1471.41,303.56,0.76,0.0268,1167.85
2022-12-17,Email,EU,C,1055.0,28,1313.81,228.27,0.65,0.0265,1085.54
2022-12-17,Email,APAC,A,1077.0,27,1448.88,250.31,0.7,0.0251,1198.57
2022-12-17,Email,APAC,B,1175.0,27,1219.76,297.97,0.76,0.023,921.78
2022-12-17,Email,APAC,C,1177.0,26,1143.4,291.71,0.74,0.0221,851.69
2022-12-17,Direct,NA,A,1063.0,27,1374.45,225.52,0.64,0.0254,1148.93
2022-12-17,Direct,NA,B,1240.0,28,1075.97,306.84,0.74,0.0226,769.13
2022-12-17,Direct,NA,C,1026.0,27,1078.22,271.27,0.79,0.0263,806.95
2022-12-17,Direct,EU,A,1023.0,29,1469.31,207.67,0.61,0.00566,1261.63
2022-12-17,Direct,EU,B,1118.0,30,1246.1,284.78,0.76,0.0268,961.33
2022-12-17,Direct,EU,C,967.0,23,911.81,233.03,0.72,0.0238,678.79
2022-12-17,Direct,APAC,A,1047.0,25,1221.85,264.06,0.76,0.0239,957.79
2022-12-17,Direct,APAC,B,1216.0,34,1304.99,297.53,0.73,0.0279,1007.46
2022-12-17,Direct,APAC,C,1072.0,32,1237.51,256.38,0.72,0.0298,981.13
2022-12-17,Affiliate,NA,A,1160.0,31,1487.34,248.84,0.64,0.0267,1238.49
2022-12-17,Affiliate,NA,B,1237.0,31,1245.79,297.52,0.72,0.0251,948.27
2022-12-17,Affiliate,NA,C,1088.0,25,999.68,260.94,0.72,0.023,295.49600000000004
2022-12-17,Affiliate,EU,A,961.0,28,1430.46,219.84,0.69,0.0291,1210.63
2022-12-17,Affiliate,EU,B,1145.0,33,1264.48,249.99,0.65,0.0288,1014.5
2022-12-17,Affiliate,EU,C,975.0,23,906.66,209.78,0.65,0.0236,696.88
2022-12-17,Affiliate,APAC,A,1124.0,27,1390.55,229.95,0.61,0.024,1160.6
2022-12-17,Affiliate,APAC,B,1248.0,28,1136.9,322.98,0.78,0.0224,813.92
2022-12-17,Affiliate,APAC,C,1002.0,26,211.52600000000004,222.81,0.67,0.0259,834.82
2022-12-18,Search,NA,A,1781.0,54,2581.24,411.63,0.69,0.0303,2169.61
2022-12-18,Search,NA,B,1883.0,56,2282.56,398.63,0.64,0.06534000000000001,1883.93
2022-12-18,Search,NA,C,1691.0,45,358.214,349.23,0.62,0.0266,1441.83
2022-12-18,Search,EU,A,1469.0,47,2419.43,358.97,0.73,0.032,2060.46
2022-12-18,Search,EU,B,1599.0,46,1918.57,425.63,0.8,0.0288,1492.93
2022-12-18,Search,EU,C,1586.0,47,1903.23,372.31,0.7,0.0296,2755.6560000000004
2022-12-18,Search,APAC,A,1693.0,49,2529.89,353.02,0.63,0.0289,2176.87
2022-12-18,Search,APAC,B,1892.0,60,2352.75,382.99,0.61,0.0317,1969.77
2022-12-18,Search,APAC,C,1634.0,44,1836.9,336.41,0.62,0.0269,1500.49
2022-12-18,Social,NA,A,1090.0,33,3610.838,247.05,0.68,0.0303,1394.24
2022-12-18,Social,NA,B,1344.0,46,1839.44,351.3,0.78,0.0342,1488.14
2022-12-18,Social,NA,C,1205.0,35,1452.92,271.8,0.68,0.029,1181.12
2022-12-18,Social,EU,A,1096.0,33,1617.77,277.18,0.76,0.0301,1340.59
2022-12-18,Social,EU,B,1178.0,33,1345.73,249.34,0.63,0.028,1096.39
2022-12-18,Social,EU,C,1082.0,32,1321.28,262.79,0.73,0.0296,1058.49
2022-12-18,Social,APAC,A,1199.0,37,1898.99,288.39,0.72,0.0308,1610.6
2022-12-18,Social,APAC,B,1321.0,36,1389.08,299.49,0.68,0.0272,1089.59
2022-12-18,Social,APAC,C,1164.0,34,1310.38,46.980000000000004,0.61,0.0292,1075.48
2022-12-18,Email,NA,A,1204.0,37,2021.26,318.45,0.79,0.0307,1702.82
2022-12-18,Email,NA,B,1325.0,34,1469.67,303.83,0.69,0.0257,1165.83
2022-12-18,Email,NA,C,1128.0,35,1598.66,272.31,0.72,0.031,1326.35
2022-12-18,Email,EU,A,1068.0,35,2020.26,217.77,0.61,0.0328,1802.49
2022-12-18,Email,EU,B,1197.0,35,1533.92,318.16,0.8,0.0292,1215.77
2022-12-18,Email,EU,C,1044.0,30,1290.91,257.01,0.74,0.06314,1033.9
2022-12-18,Email,APAC,A,1210.0,36,2002.81,307.84,0.76,0.0297,1694.98
2022-12-18,Email,APAC,B,1378.0,37,1652.69,324.05,0.71,0.0268,1328.64
2022-12-18,Email,APAC,C,1119.0,32,1427.63,251.25,0.67,0.0286,1176.39
2022-12-18,Direct,NA,A,1233.0,38,1807.1,309.97,0.75,0.0308,1497.12
2022-12-18,Direct,NA,B,1286.0,31,1210.22,258.96,0.6,0.0241,1712.268
2022-12-18,Direct,NA,C,1168.0,35,1360.13,275.35,0.71,0.03,1084.78
2022-12-18,Direct,EU,A,1080.0,33,1657.91,223.91,0.62,0.012240000000000001,1434.0
2022-12-18,Direct,EU,B,1260.0,37,1478.26,572.9020000000002,0.62,0.0293,1217.85
2022-12-18,Direct,EU,C,1054.0,29,1157.22,262.7,0.75,0.0275,894.52
2022-12-18,Direct,APAC,A,1118.0,29,1491.33,258.02,0.69,0.0259,1233.31
2022-12-18,Direct,APAC,B,1281.0,40,1590.02,314.97,0.74,0.0312,1275.04
2022-12-18,Direct,APAC,C,248.20000000000002,35,1456.25,251.53,0.61,0.0282,1204.72
2022-12-18,Affiliate,NA,A,2926.0000000000005,38,1975.07,129.832,0.73,0.0286,1650.49
2022-12-18,Affiliate,NA,B,1399.0,46,1843.39,286.07,0.61,0.0329,1557.31
2022-12-18,Affiliate,NA,C,1228.0,35,1425.23,287.69,0.7,0.0285,1137.54
2022-12-18,Affiliate,EU,A,1059.0,32,1521.94,216.84,0.61,0.0302,1305.1
2022-12-18,Affiliate,EU,B,1108.0,30,1232.96,247.48,0.67,0.00542,985.48
2022-12-18,Affiliate,EU,C,1018.0,31,1190.2,215.45,0.63,0.0304,974.76
2022-12-18,Affiliate,APAC,A,1272.0,39,1856.58,276.92,0.65,0.012280000000000001,1579.66
2022-12-18,Affiliate,APAC,B,276.0,39,1541.58,333.69,0.72,0.0282,1207.89
2022-12-18,Affiliate,APAC,C,1181.0,34,1397.35,284.79,0.72,0.0288,1112.56
2022-12-19,Search,NA,A,1736.0,61,3192.89,352.15,0.61,0.0351,2840.74
2022-12-19,Search,NA,B,1841.0,60,2424.45,488.58,0.8,0.0326,1935.87
2022-12-19,Search,NA,C,1800.0,57,2315.68,457.62,0.76,0.0317,1858.06
2022-12-19,Search,EU,A,1516.0,44,2139.42,397.07,0.79,0.029,1742.34
2022-12-19,Search,EU,B,1629.0,43,1739.43,373.59,0.69,0.0264,1365.83
2022-12-19,Search,EU,C,1524.0,46,1866.83,395.15,0.78,0.0302,1471.68
2022-12-19,Search,APAC,A,1760.0,52,2690.09,453.25,0.77,0.0295,2236.84
2022-12-19,Search,APAC,B,1869.0,58,2310.85,468.12,0.75,0.031,1842.72
2022-12-19,Search,APAC,C,3823.6000000000004,56,2274.98,437.7,0.76,0.0322,1837.28
2022-12-19,Social,NA,A,1231.0,34,1774.36,327.18,0.8,0.0276,1447.18
2022-12-19,Social,NA,B,1366.0,40,1554.16,347.89,0.76,0.0293,1206.27
2022-12-19,Social,NA,C,1295.0,40,1606.76,322.29,0.75,0.0309,1284.47
2022-12-19,Social,EU,A,1113.0,40,2013.0,244.71,0.66,0.0359,1768.29
2022-12-19,Social,EU,B,1253.0,39,1600.73,303.94,0.73,0.0311,1296.8
2022-12-19,Social,EU,C,1090.0,30,1169.6,218.76,0.6,0.0275,950.84
2022-12-19,Social,APAC,A,1208.0,35,1698.21,306.09,0.76,0.029,1392.11
2022-12-19,Social,APAC,B,1443.0,45,1743.84,347.87,0.72,0.0312,1395.97
2022-12-19,Social,APAC,C,1292.0,38,1444.79,306.28,0.71,0.05292,1138.52
2022-12-19,Email,NA,A,1173.0,37,2008.13,309.7,0.79,0.0693,1698.42
2022-12-19,Email,NA,B,1289.0,38,1774.41,284.2,0.66,0.0295,1490.21
2022-12-19,Email,NA,C,1324.0,39,1771.33,343.13,0.78,0.0294,1428.2
2022-12-19,Email,EU,A,2228.6000000000004,27,1411.23,249.73,0.74,0.0266,1161.5
2022-12-19,Email,EU,B,1117.0,37,1597.23,282.55,0.76,0.0331,1314.68
2022-12-19,Email,EU,C,1065.0,38,1635.59,258.75,0.73,0.0357,1376.84
2022-12-19,Email,APAC,A,1313.0,45,2500.61,311.75,0.71,0.0343,2188.86
2022-12-19,Email,APAC,B,1404.0,45,2090.82,306.12,0.65,0.032,1784.7
2022-12-19,Email,APAC,C,1171.0,36,1593.15,238.91,0.61,0.0307,1354.23
2022-12-19,Direct,NA,A,1262.0,41,2053.54,318.89,0.76,0.0325,1734.65
2022-12-19,Direct,NA,B,1274.0,38,1509.97,282.75,0.67,0.0298,1227.22
2022-12-19,Direct,NA,C,1215.0,37,1514.88,291.65,0.72,0.0304,1223.22
2022-12-19,Direct,EU,A,1037.0,35,1799.99,251.44,0.73,0.0337,1548.55
2022-12-19,Direct,EU,B,1194.0,34,1344.2,305.9,0.77,0.0285,1038.3
2022-12-19,Direct,EU,C,1211.0,41,646.964,257.26,0.64,0.0338,1360.15
2022-12-19,Direct,APAC,A,1229.0,33,1722.71,270.33,0.66,0.0268,1452.38
2022-12-19,Direct,APAC,B,1314.0,36,1489.24,339.48,0.77,0.0274,1149.76
2022-12-19,Direct,APAC,C,1251.0,37,1477.48,288.55,0.69,0.0296,475.57200000000006
2022-12-19,Affiliate,NA,A,1219.0,41,2097.05,279.33,0.69,0.0336,1817.72
2022-12-19,Affiliate,NA,B,1306.0,41,1580.2,314.51,0.72,0.0314,1265.69
2022-12-19,Affiliate,NA,C,1266.0,42,1607.58,334.14,0.79,0.0332,1273.45
2022-12-19,Affiliate,EU,A,1092.0,33,1608.25,237.6,0.65,0.0302,1370.65
2022-12-19,Affiliate,EU,B,1194.0,37,1518.39,260.66,0.65,0.031,1257.73
2022-12-19,Affiliate,EU,C,1188.0,36,1438.21,242.83,0.61,0.0303,1195.38
2022-12-19,Affiliate,APAC,A,1075.0,35,1819.97,239.97,0.67,0.0325,1580.0
2022-12-19,Affiliate,APAC,B,1346.0,42,641.912,353.5,0.79,0.0312,1251.28
2022-12-19,Affiliate,APAC,C,1127.0,33,1383.53,280.32,0.75,0.0293,220.64200000000002
2022-12-20,Search,NA,A,1681.0,43,2164.05,143.384,0.64,0.0256,1805.58
2022-12-20,Search,NA,B,1824.0,51,2009.3,439.03,0.72,0.0279,1570.27
2022-12-20,Search,NA,C,2860.2000000000003,42,1690.29,408.05,0.77,0.0264,1282.23
2022-12-20,Search,EU,A,1409.0,39,1993.45,362.68,0.77,0.06094,1630.77
2022-12-20,Search,EU,B,1627.0,44,1686.38,384.56,0.71,0.027,1301.82
2022-12-20,Search,EU,C,3091.0000000000005,31,518.1080000000001,296.73,0.63,0.022,998.54
2022-12-20,Search,APAC,A,1659.0,49,971.3520000000001,383.12,0.69,0.0295,2045.26
2022-12-20,Search,APAC,B,733.6,59,2362.95,374.44,0.61,0.0322,1988.51
2022-12-20,Search,APAC,C,1622.0,50,2057.26,330.15,0.61,0.0308,1727.1
2022-12-20,Social,NA,A,2030.4,29,2565.684,238.01,0.63,0.0257,1187.37
2022-12-20,Social,NA,B,1290.0,40,1660.45,275.82,0.64,0.031,1384.63
2022-12-20,Social,NA,C,1149.0,28,1150.47,305.35,0.8,0.0244,845.12
2022-12-20,Social,EU,A,1103.0,30,1499.67,260.26,0.71,0.0272,1239.42
2022-12-20,Social,EU,B,1173.0,31,1225.17,59.784000000000006,0.76,0.0264,926.25
2022-12-20,Social,EU,C,1056.0,26,1070.46,92.652,0.66,0.0246,838.83
2022-12-20,Social,APAC,A,1279.0,38,1880.23,323.91,0.76,0.0297,1556.33
2022-12-20,Social,APAC,B,1287.0,38,1549.78,271.09,0.63,0.0295,1278.69
2022-12-20,Social,APAC,C,1128.0,34,1415.24,290.13,0.77,0.0301,1125.11
2022-12-20,Email,NA,A,1146.0,31,1772.18,243.44,0.64,0.027,1528.73
2022-12-20,Email,NA,B,1226.0,35,1593.16,281.25,0.69,0.0285,1311.91
2022-12-20,Email,NA,C,1168.0,36,1606.68,309.0,0.79,0.0308,1297.68
2022-12-20,Email,EU,A,986.0,28,1528.83,255.29,0.78,0.0284,1273.54
2022-12-20,Email,EU,B,1226.0,40,1870.25,304.11,0.74,0.0326,1566.14
2022-12-20,Email,EU,C,1061.0,29,1351.74,225.64,0.64,0.0273,1126.1
2022-12-20,Email,APAC,A,1176.0,36,1943.24,291.13,0.74,0.0306,1652.11
2022-12-20,Email,APAC,B,1362.0,38,1685.68,314.24,0.69,0.0279,1371.44
2022-12-20,Email,APAC,C,1244.0,35,1523.62,276.76,0.67,0.0281,1246.86
2022-12-20,Direct,NA,A,1217.0,35,1704.48,251.63,0.62,0.0288,290.57
2022-12-20,Direct,NA,B,1260.0,33,1352.85,289.84,0.69,0.0262,1063.0
2022-12-20,Direct,NA,C,1239.0,38,1571.9,277.11,0.67,0.0306,1294.79
2022-12-20,Direct,EU,A,1074.0,30,1443.94,260.31,0.73,0.0279,1183.63
2022-12-20,Direct,EU,B,1084.0,33,1263.19,266.51,0.74,0.0304,996.68
2022-12-20,Direct,EU,C,1067.0,29,1199.1,229.6,0.65,0.0272,969.5
2022-12-20,Direct,APAC,A,1219.0,31,1551.96,300.25,0.74,0.0254,1251.71
2022-12-20,Direct,APAC,B,1223.0,32,1254.91,247.42,0.61,0.0262,1007.49
2022-12-20,Direct,APAC,C,1197.0,34,1396.18,309.11,0.77,0.0284,1087.08
2022-12-20,Affiliate,NA,A,1204.0,36,1873.3,261.9,0.65,0.0299,1611.39
2022-12-20,Affiliate,NA,B,1323.0,42,1671.11,274.58,0.62,0.0317,1396.52
2022-12-20,Affiliate,NA,C,1233.0,34,1343.73,291.61,0.71,0.0276,1052.13
2022-12-20,Affiliate,EU,A,1018.0,28,1458.53,253.83,0.75,0.0275,1204.7
2022-12-20,Affiliate,EU,B,1197.0,32,1332.58,262.89,0.66,0.0267,1069.69
2022-12-20,Affiliate,EU,C,1094.0,32,1339.24,220.22,0.6,0.0292,1119.02
2022-12-20,Affiliate,APAC,A,1110.0,33,1613.95,283.57,0.77,0.005940000000000001,1330.38
2022-12-20,Affiliate,APAC,B,1305.0,41,1597.67,269.52,0.62,0.0314,1328.15
2022-12-20,Affiliate,APAC,C,1165.0,32,1292.59,256.56,0.66,0.0275,1036.03
2022-12-21,Search,NA,A,1449.0,31,1479.96,361.6,0.75,0.0214,1118.37
2022-12-21,Search,NA,B,1720.0,46,1782.1,446.44,0.78,0.0267,1335.66
2022-12-21,Search,NA,C,1505.0,35,1334.85,380.97,0.76,0.0232,953.89
2022-12-21,Search,EU,A,1365.0,35,1807.99,278.84,0.61,0.0256,1529.16
2022-12-21,Search,EU,B,1441.0,35,1457.35,535.158,0.62,0.0243,1160.03
2022-12-21,Search,EU,C,1419.0,35,1410.05,367.09,0.78,0.0247,1042.96
2022-12-21,Search,APAC,A,1350.0,34,1688.88,298.53,0.66,0.0252,1390.35
2022-12-21,Search,APAC,B,1694.0,45,1789.81,439.63,0.78,0.0266,1350.18
2022-12-21,Search,APAC,C,1608.0,42,1714.04,385.26,0.72,0.0261,1328.78
2022-12-21,Social,NA,A,1084.0,22,1087.3,224.48,0.62,0.0203,862.82
2022-12-21,Social,NA,B,1318.0,30,1212.08,347.24,0.79,0.0228,864.84
2022-12-21,Social,NA,C,1082.0,29,1110.23,262.33,0.73,0.0268,169.58
2022-12-21,Social,EU,A,927.0,19,906.84,214.74,0.69,0.0205,692.1
2022-12-21,Social,EU,B,1043.0,23,904.48,607.8820000000001,0.79,0.022,628.17
2022-12-21,Social,EU,C,887.0,21,821.58,213.7,0.72,0.0237,607.87
2022-12-21,Social,APAC,A,1085.0,22,1045.84,217.42,0.6,0.00812,828.42
2022-12-21,Social,APAC,B,1169.0,26,1047.49,296.51,0.76,0.0222,750.98
2022-12-21,Social,APAC,C,967.0,23,910.53,253.64,0.79,0.0238,656.89
2022-12-21,Email,NA,A,1092.0,24,1299.57,226.89,0.62,0.022,1930.824
2022-12-21,Email,NA,B,1252.0,29,1331.39,291.77,0.7,0.0231,1039.63
2022-12-21,Email,NA,C,1037.0,21,936.59,236.71,0.68,0.0202,699.88
2022-12-21,Email,EU,A,988.0,24,1294.84,237.68,0.72,0.0243,1057.15
2022-12-21,Email,EU,B,1040.0,25,1075.45,225.94,0.65,0.024,849.5
2022-12-21,Email,EU,C,1068.0,27,1200.89,221.94,0.62,0.0253,978.95
2022-12-21,Email,APAC,A,951.0,21,1145.64,197.89,0.62,0.0221,947.75
2022-12-21,Email,APAC,B,1180.0,28,1241.7,242.37,0.62,0.0237,999.33
2022-12-21,Email,APAC,C,1090.0,26,1153.84,267.39,0.74,0.0238,886.46
2022-12-21,Direct,NA,A,1074.0,25,1301.66,260.41,0.73,0.0233,1041.26
2022-12-21,Direct,NA,B,1245.0,30,1154.47,309.18,0.74,0.0241,338.112
2022-12-21,Direct,NA,C,1011.0,24,952.52,203.1,0.6,0.0237,749.42
2022-12-21,Direct,EU,A,964.0,19,906.66,414.0,0.72,0.0197,135.332
2022-12-21,Direct,EU,B,1078.0,23,941.08,240.48,0.67,0.0213,1541.342
2022-12-21,Direct,EU,C,1030.0,25,992.99,253.63,0.74,0.0243,739.36
2022-12-21,Direct,APAC,A,1008.0,25,1286.12,222.31,0.66,0.054560000000000004,1063.82
2022-12-21,Direct,APAC,B,1271.0,29,1201.48,324.07,0.76,0.0228,877.4
2022-12-21,Direct,APAC,C,1072.0,27,1088.88,237.21,0.66,0.0252,851.66
2022-12-21,Affiliate,NA,A,1158.0,23,1171.67,286.18,0.74,0.0199,885.49
2022-12-21,Affiliate,NA,B,1122.0,25,964.26,256.77,0.69,0.04014,707.49
2022-12-21,Affiliate,NA,C,1061.0,26,990.65,223.27,0.63,0.0245,767.38
2022-12-21,Affiliate,EU,A,1050.0,27,516.8720000000001,93.604,0.67,0.0257,1058.17
2022-12-21,Affiliate,EU,B,968.0,21,848.89,237.39,0.74,0.0217,611.5
2022-12-21,Affiliate,EU,C,898.0,20,796.32,238.77,0.8,0.04014,1226.61
2022-12-21,Affiliate,APAC,A,1031.0,25,1190.94,239.71,0.7,0.0242,951.23
2022-12-21,Affiliate,APAC,B,1220.0,29,1106.52,275.47,0.68,0.0238,831.06
2022-12-21,Affiliate,APAC,C,1074.0,24,914.24,226.44,0.63,0.0223,687.8
2022-12-22,Search,NA,A,1421.0,34,1768.01,311.63,0.66,0.0239,1456.38
2022-12-22,Search,NA,B,1622.0,33,1363.13,389.63,0.72,0.0203,973.49
2022-12-22,Search,NA,C,1430.0,31,1220.21,322.8,0.68,0.0217,897.4
2022-12-22,Search,EU,A,1221.0,26,1305.42,289.36,0.71,0.0213,1016.06
2022-12-22,Search,EU,B,1460.0,32,1254.7,335.0,0.69,0.0219,919.69
2022-12-22,Search,EU,C,1245.0,24,944.88,253.93,0.61,0.0193,690.94
2022-12-22,Search,APAC,A,1317.0,29,1397.68,314.58,0.72,0.022,1083.1
2022-12-22,Search,APAC,B,1704.0,32,1267.43,79.304,0.7,0.0188,870.91
2022-12-22,Search,APAC,C,1502.0,37,1435.79,362.72,0.72,0.0246,1073.07
2022-12-22,Social,NA,A,998.0,20,1004.3,231.3,0.7,0.02,773.0
2022-12-22,Social,NA,B,1144.0,25,1037.0,269.49,0.71,0.0219,767.51
2022-12-22,Social,NA,C,1044.0,21,864.71,217.63,0.62,0.0201,647.09
2022-12-22,Social,EU,A,960.0,19,916.64,252.65,0.79,0.0198,663.99
2022-12-22,Social,EU,B,1038.0,21,870.54,241.18,0.7,0.0202,629.36
2022-12-22,Social,EU,C,817.0,19,737.44,179.01,0.66,0.0233,558.44
2022-12-22,Social,APAC,A,990.0,23,1149.12,231.85,0.7,0.0232,917.27
2022-12-22,Social,APAC,B,1192.0,25,990.76,316.38,0.8,0.021,674.38
2022-12-22,Social,APAC,C,1057.0,23,961.96,251.92,0.71,0.0218,710.03
2022-12-22,Email,NA,A,1014.0,21,1147.97,260.62,0.77,0.0207,887.35
2022-12-22,Email,NA,B,1164.0,17,797.62,281.53,0.73,0.0146,516.09
2022-12-22,Email,NA,C,1025.0,20,920.04,252.01,0.74,0.0195,668.03
2022-12-22,Email,EU,A,877.0,19,1030.24,192.95,0.66,0.0217,837.29
2022-12-22,Email,EU,B,978.0,22,1035.29,209.41,0.64,0.009,825.88
2022-12-22,Email,EU,C,980.0,21,899.1,215.42,0.66,0.0214,683.69
2022-12-22,Email,APAC,A,1069.0,23,1219.82,480.15000000000003,0.75,0.0215,953.08
2022-12-22,Email,APAC,B,1176.0,26,480.4560000000001,287.03,0.73,0.0221,914.1
2022-12-22,Email,APAC,C,1884.6000000000001,24,1078.66,215.64,0.62,0.0229,863.02
2022-12-22,Direct,NA,A,1016.0,19,908.77,230.87,0.68,0.0187,677.9
2022-12-22,Direct,NA,B,1081.0,22,919.4,274.51,0.76,0.0203,644.88
2022-12-22,Direct,NA,C,912.0,19,760.05,187.19,0.62,0.0208,572.86
2022-12-22,Direct,EU,A,963.0,22,1053.02,195.85,0.61,0.0228,857.17
2022-12-22,Direct,EU,B,919.0,18,704.23,198.14,0.65,0.0196,506.09
2022-12-22,Direct,EU,C,973.0,20,798.11,215.53,0.66,0.0205,582.59
2022-12-22,Direct,APAC,A,1064.0,19,959.83,282.33,0.8,0.0179,677.51
2022-12-22,Direct,APAC,B,1210.0,22,914.2,252.01,0.62,0.0182,662.19
2022-12-22,Direct,APAC,C,169.0,18,728.98,202.01,0.72,0.0213,526.98
2022-12-22,Affiliate,NA,A,1038.0,20,1021.4,224.51,0.65,0.0193,796.89
2022-12-22,Affiliate,NA,B,1157.0,25,1002.02,274.11,0.71,0.0216,727.91
2022-12-22,Affiliate,NA,C,1049.0,21,839.72,228.94,0.65,0.02,610.78
2022-12-22,Affiliate,EU,A,881.0,17,812.12,213.39,0.73,0.0193,598.73
2022-12-22,Affiliate,EU,B,1738.8,22,880.98,193.33,0.6,0.0228,687.65
2022-12-22,Affiliate,EU,C,903.0,19,722.29,231.36,0.77,0.021,490.93
2022-12-22,Affiliate,APAC,A,1075.0,20,960.19,237.82,0.66,0.0186,722.37
2022-12-22,Affiliate,APAC,B,1048.0,20,785.07,268.49,0.77,0.0191,516.58
2022-12-22,Affiliate,APAC,C,1041.0,22,916.07,238.52,0.69,0.0211,677.55
2022-12-23,Search,NA,A,1487.0,32,1629.92,306.39,0.62,0.0215,1323.53
2022-12-23,Search,NA,B,1464.0,31,1265.28,354.63,0.73,0.0212,910.65
2022-12-23,Search,NA,C,1522.0,37,1518.63,402.46,0.79,0.0243,1116.17
2022-12-23,Search,EU,A,1323.0,29,1392.78,290.92,0.66,0.0219,1101.86
2022-12-23,Search,EU,B,1486.0,36,1419.85,302.08,0.61,0.0242,1117.76
2022-12-23,Search,EU,C,1317.0,30,1194.92,301.59,0.69,0.0228,893.34
2022-12-23,Search,APAC,A,1431.0,28,1337.33,321.53,0.67,0.0196,1015.8
2022-12-23,Search,APAC,B,1583.0,39,322.93000000000006,403.49,0.76,0.0246,1211.17
2022-12-23,Search,APAC,C,1501.0,29,1204.1,347.59,0.69,0.0193,856.51
2022-12-23,Social,NA,A,1086.0,21,1028.51,261.23,0.72,0.0193,767.28
2022-12-23,Social,NA,B,1173.0,23,361.216,292.37,0.75,0.0196,610.67
2022-12-23,Social,NA,C,974.0,24,931.12,241.24,0.74,0.0246,689.89
2022-12-23,Social,EU,A,921.0,21,1003.6,206.91,0.67,0.0228,796.69
2022-12-23,Social,EU,B,1037.0,20,826.84,226.09,0.65,0.0193,600.75
2022-12-23,Social,EU,C,927.0,18,713.11,215.99,0.7,0.0194,497.11
2022-12-23,Social,APAC,A,1190.0,28,2510.946,238.92,0.6,0.0235,1156.06
2022-12-23,Social,APAC,B,1151.0,26,1020.43,282.39,0.74,0.0226,1623.688
2022-12-23,Social,APAC,C,1088.0,25,1047.6,255.6,0.7,0.023,792.0
2022-12-23,Email,NA,A,1086.0,25,1342.77,225.96,0.62,0.023,1116.81
2022-12-23,Email,NA,B,1156.0,29,1288.26,258.16,0.67,0.0251,1030.11
2022-12-23,Email,NA,C,1055.0,23,985.69,270.77,0.77,0.0218,714.92
2022-12-23,Email,EU,A,951.0,21,1150.15,239.85,0.76,0.0221,910.3
2022-12-23,Email,EU,B,2065.8,19,831.76,191.99,0.61,0.0202,639.78
2022-12-23,Email,EU,C,935.0,17,763.0,46.724000000000004,0.75,0.0182,529.38
2022-12-23,Email,APAC,A,1047.0,23,1211.31,276.64,0.79,0.022,934.68
2022-12-23,Email,APAC,B,1074.0,22,954.44,229.01,0.64,0.0205,725.43
2022-12-23,Email,APAC,C,1122.0,26,1128.69,267.84,0.72,0.00928,860.85
2022-12-23,Direct,NA,A,1075.0,26,1322.64,242.99,0.68,0.0242,1079.64
2022-12-23,Direct,NA,B,1101.0,21,822.4,57.552,0.78,0.0191,534.64
2022-12-23,Direct,NA,C,1105.0,24,917.97,273.17,0.74,0.0217,644.81
2022-12-23,Direct,EU,A,891.0,23,1202.66,186.22,0.63,0.0258,1016.45
2022-12-23,Direct,EU,B,938.0,21,855.09,219.13,0.7,0.0224,635.96
2022-12-23,Direct,EU,C,929.0,19,756.93,236.0,0.76,0.0204,520.93
2022-12-23,Direct,APAC,A,913.0,22,425.29200000000003,185.31,0.61,0.0241,877.93
2022-12-23,Direct,APAC,B,1917.0,22,910.24,216.56,0.61,0.0207,693.69
2022-12-23,Direct,APAC,C,1020.0,23,892.12,269.36,0.79,0.0225,622.76
2022-12-23,Affiliate,NA,A,949.0,21,1059.82,217.68,0.69,0.00884,842.15
2022-12-23,Affiliate,NA,B,1161.0,24,930.25,308.37,0.8,0.0207,621.88
2022-12-23,Affiliate,NA,C,1071.0,23,888.87,268.38,0.75,0.0215,620.49
2022-12-23,Affiliate,EU,A,1049.0,22,1115.47,227.22,0.65,0.021,888.25
2022-12-23,Affiliate,EU,B,978.0,22,903.9,232.45,0.71,0.0225,671.45
2022-12-23,Affiliate,EU,C,922.0,20,788.56,185.06,0.6,0.0217,603.5
2022-12-23,Affiliate,APAC,A,970.0,22,1138.28,214.99,0.66,0.0227,923.29
2022-12-23,Affiliate,APAC,B,1122.0,25,952.92,256.53,0.69,0.0223,696.39
2022-12-23,Affiliate,APAC,C,1171.0,25,978.89,243.63,0.62,0.0213,735.26
2022-12-24,Search,NA,A,1619.0,41,1956.71,431.07,0.8,0.01012,1525.64
2022-12-24,Search,NA,B,1693.0,48,1968.82,382.92,0.68,0.0284,1585.9
2022-12-24,Search,NA,C,1462.0,40,1560.16,369.31,0.76,0.0273,1190.85
2022-12-24,Search,EU,A,1298.0,36,1753.27,316.65,0.73,0.0277,1436.63
2022-12-24,Search,EU,B,1559.0,37,1411.76,334.9,0.64,0.0237,1076.86
2022-12-24,Search,EU,C,1392.0,38,1532.41,366.79,0.79,0.0273,1165.62
2022-12-24,Search,APAC,A,1693.0,38,1949.17,396.96,0.7,0.0224,1552.21
2022-12-24,Search,APAC,B,1678.0,39,1629.65,435.65,0.78,0.0232,1194.0
2022-12-24,Search,APAC,C,1563.0,43,1715.93,393.98,0.76,0.0275,1321.95
2022-12-24,Social,NA,A,1037.0,26,1259.2,248.42,0.72,0.0251,1010.78
2022-12-24,Social,NA,B,1290.0,32,1225.11,275.89,0.64,0.0248,949.22
2022-12-24,Social,NA,C,968.0,25,1033.58,246.04,0.76,0.0258,787.54
2022-12-24,Social,EU,A,1086.0,25,1269.33,273.13,0.75,0.023,996.21
2022-12-24,Social,EU,B,1006.0,26,991.91,229.89,0.69,0.0258,762.02
2022-12-24,Social,EU,C,1033.0,25,991.66,206.62,0.6,0.0242,785.04
2022-12-24,Social,APAC,A,1084.0,28,1361.66,287.17,0.79,0.0258,1074.49
2022-12-24,Social,APAC,B,1171.0,27,1026.16,555.258,0.65,0.023,773.77
2022-12-24,Social,APAC,C,1165.0,27,1117.63,290.74,0.75,0.00928,826.89
2022-12-24,Email,NA,A,1021.0,25,1404.24,226.38,0.67,0.0245,1177.86
2022-12-24,Email,NA,B,1209.0,32,1497.88,271.77,0.67,0.0265,1226.11
2022-12-24,Email,NA,C,1088.0,31,1417.46,260.65,0.72,0.0285,1156.82
2022-12-24,Email,EU,A,1017.0,24,1276.09,251.58,0.74,0.0236,1024.51
2022-12-24,Email,EU,B,1138.0,32,1374.11,299.99,0.79,0.0281,1074.12
2022-12-24,Email,EU,C,1051.0,24,1103.16,231.04,0.66,0.0228,872.12
2022-12-24,Email,APAC,A,1101.0,29,1596.42,258.07,0.7,0.0263,1338.34
2022-12-24,Email,APAC,B,1273.0,32,1468.4,324.98,0.77,0.0251,1143.42
2022-12-24,Email,APAC,C,1105.0,32,1468.02,288.97,0.78,0.0289,1179.05
2022-12-24,Direct,NA,A,1164.0,31,1597.6,254.21,0.65,0.0266,1343.38
2022-12-24,Direct,NA,B,1203.0,28,1173.59,267.67,0.67,0.0233,905.93
2022-12-24,Direct,NA,C,1151.0,31,1247.7,286.01,0.75,0.0269,961.69
2022-12-24,Direct,EU,A,1011.0,27,1304.51,228.05,0.68,0.0267,1076.46
2022-12-24,Direct,EU,B,1155.0,31,1181.12,260.64,0.68,0.0268,920.48
2022-12-24,Direct,EU,C,921.0,23,949.18,227.52,0.74,0.025,721.66
2022-12-24,Direct,APAC,A,1154.0,30,1500.72,234.93,0.61,0.026,1265.79
2022-12-24,Direct,APAC,B,1279.0,34,1400.8,271.11,0.64,0.0266,1129.69
2022-12-24,Direct,APAC,C,995.0,28,1160.91,207.84,0.63,0.0281,953.07
2022-12-24,Affiliate,NA,A,1095.0,26,1348.28,240.39,0.66,0.0237,1107.9
2022-12-24,Affiliate,NA,B,1300.0,35,1417.48,281.88,0.65,0.0269,1135.61
2022-12-24,Affiliate,NA,C,1197.0,31,1179.51,311.82,0.78,0.0259,867.69
2022-12-24,Affiliate,EU,A,990.0,26,1272.39,234.24,0.71,0.0263,1038.15
2022-12-24,Affiliate,EU,B,1051.0,24,2076.954,253.9,0.72,0.0228,690.17
2022-12-24,Affiliate,EU,C,974.0,28,1151.78,199.34,0.61,0.0287,952.44
2022-12-24,Affiliate,APAC,A,1092.0,24,1179.89,268.44,0.74,0.022,911.46
2022-12-24,Affiliate,APAC,B,1227.0,30,1217.01,322.87,0.79,0.0244,894.14
2022-12-24,Affiliate,APAC,C,476.40000000000003,34,1348.89,457.488,0.64,0.0114,1094.73
2022-12-25,Search,NA,A,1660.0,50,2444.08,362.79,0.66,0.0301,2081.29
2022-12-25,Search,NA,B,1874.0,55,2204.11,383.26,0.61,0.05274,1820.85
2022-12-25,Search,NA,C,1671.0,46,1877.64,416.45,0.75,0.0275,1461.19
2022-12-25,Search,EU,A,1405.0,39,1904.03,318.41,0.68,0.0277,1585.62
2022-12-25,Search,EU,B,1663.0,44,1722.59,362.41,0.65,0.0265,1360.19
2022-12-25,Search,EU,C,1528.0,45,1723.86,367.32,0.72,0.0294,1356.54
2022-12-25,Search,APAC,A,1652.0,48,2429.68,396.43,0.72,0.0291,2033.25
2022-12-25,Search,APAC,B,1775.0,56,2344.16,356.9,0.6,0.0315,1987.27
2022-12-25,Search,APAC,C,1733.0,47,1900.68,428.41,0.74,0.0271,1472.27
2022-12-25,Social,NA,A,1136.0,31,1606.74,272.52,0.72,0.0273,1334.23
2022-12-25,Social,NA,B,1357.0,41,1654.36,289.74,0.64,0.0302,1364.63
2022-12-25,Social,NA,C,1266.0,40,1522.46,287.74,0.68,0.0316,1234.72
2022-12-25,Social,EU,A,991.0,30,1568.64,228.03,0.69,0.0303,1340.61
2022-12-25,Social,EU,B,1259.0,36,1464.83,267.63,0.64,0.0286,2633.862
2022-12-25,Social,EU,C,1081.0,31,1270.8,223.04,0.62,0.0287,1047.76
2022-12-25,Social,APAC,A,1195.0,37,1837.86,259.76,0.65,0.0309,1578.1
2022-12-25,Social,APAC,B,1428.0,46,1792.53,346.53,0.73,0.0322,1446.0
2022-12-25,Social,APAC,C,1173.0,35,1452.85,250.27,0.64,0.0298,1202.58
2022-12-25,Email,NA,A,1156.0,32,1715.57,252.19,0.65,0.0277,3219.4360000000006
2022-12-25,Email,NA,B,1319.0,37,1682.77,328.46,0.75,0.028,1354.31
2022-12-25,Email,NA,C,1168.0,35,1628.31,307.89,0.79,0.0299,1320.42
2022-12-25,Email,EU,A,1113.0,34,1878.28,291.86,0.79,0.0305,1586.42
2022-12-25,Email,EU,B,1220.0,33,1520.33,304.54,0.75,0.027,1215.79
2022-12-25,Email,EU,C,1037.0,31,1453.7,46.63,0.67,0.0299,1220.55
2022-12-25,Email,APAC,A,1267.0,43,2333.89,276.32,0.65,0.0339,2057.57
2022-12-25,Email,APAC,B,1342.0,42,1881.37,338.89,0.76,0.0313,1542.48
2022-12-25,Email,APAC,C,1123.0,35,1563.6,277.48,0.74,0.0312,1286.12
2022-12-25,Direct,NA,A,1323.0,37,1769.34,347.21,0.79,0.028,1422.13
2022-12-25,Direct,NA,B,1290.0,40,1523.51,296.4,0.69,0.031,1227.11
2022-12-25,Direct,NA,C,1205.0,31,1238.9,245.53,0.61,0.04626,993.36
2022-12-25,Direct,EU,A,1053.0,34,1659.24,564.85,0.73,0.0323,1402.49
2022-12-25,Direct,EU,B,1174.0,34,1317.25,240.48,0.61,0.0289,1938.186
2022-12-25,Direct,EU,C,1130.0,34,1385.18,287.49,0.76,0.0301,1097.68
2022-12-25,Direct,APAC,A,1183.0,33,1608.74,261.19,0.66,0.0279,1347.55
2022-12-25,Direct,APAC,B,1500.0,48,1891.93,335.89,0.67,0.032,1556.04
2022-12-25,Direct,APAC,C,1232.0,38,1582.9,271.79,0.66,0.0308,1311.11
2022-12-25,Affiliate,NA,A,1196.0,36,1801.01,267.47,0.67,0.0301,1533.54
2022-12-25,Affiliate,NA,B,1310.0,36,1440.45,310.36,0.71,0.0275,1130.09
2022-12-25,Affiliate,NA,C,1225.0,35,1447.31,300.44,0.74,0.0286,1146.87
2022-12-25,Affiliate,EU,A,1108.0,34,1718.79,254.14,0.69,0.0307,1464.65
2022-12-25,Affiliate,EU,B,1219.0,34,1386.38,258.57,0.64,0.0279,1127.81
2022-12-25,Affiliate,EU,C,1058.0,31,1178.25,223.3,0.63,0.0293,954.95
2022-12-25,Affiliate,APAC,A,1262.0,40,1932.27,295.75,0.7,0.0317,1636.52
2022-12-25,Affiliate,APAC,B,1281.0,35,1361.13,265.27,0.62,0.0273,1095.86
2022-12-25,Affiliate,APAC,C,1349.0,41,313.494,291.91,0.65,0.0304,1275.56
2022-12-26,Search,NA,A,1630.0,48,2510.37,349.86,0.64,0.0294,3888.9
2022-12-26,Search,NA,B,1945.0,68,2700.67,442.96,0.68,0.035,2257.71
2022-12-26,Search,NA,C,1824.0,57,2205.15,450.41,0.74,0.0312,1754.73
2022-12-26,Search,EU,A,1383.0,42,2127.6,356.93,0.77,0.0304,1770.67
2022-12-26,Search,EU,B,1634.0,50,1923.44,392.95,0.72,0.0306,1530.49
2022-12-26,Search,EU,C,1487.0,44,1708.3,366.18,0.74,0.0296,1342.12
2022-12-26,Search,APAC,A,3880.8,53,2652.07,376.87,0.64,0.03,2275.2
2022-12-26,Search,APAC,B,1865.0,57,2181.74,471.81,0.76,0.0305,1709.93
2022-12-26,Search,APAC,C,1869.0,53,2159.99,452.33,0.73,0.0283,1707.66
2022-12-26,Social,NA,A,1240.0,42,2167.49,317.17,0.77,0.0339,1850.33
2022-12-26,Social,NA,B,1342.0,44,1811.31,298.36,0.67,0.0328,1512.96
2022-12-26,Social,NA,C,1144.0,34,3106.4660000000003,294.05,0.77,0.0297,1117.97
2022-12-26,Social,EU,A,1053.0,32,1648.57,237.83,0.68,0.0304,1410.74
2022-12-26,Social,EU,B,1208.0,37,1535.85,247.1,0.61,0.0306,1288.74
2022-12-26,Social,EU,C,1151.0,30,1147.99,304.72,0.79,0.026,843.26
2022-12-26,Social,APAC,A,1186.0,37,1906.21,267.1,0.68,0.0312,1639.11
2022-12-26,Social,APAC,B,1233.0,39,1536.68,264.71,0.64,0.0316,1271.97
2022-12-26,Social,APAC,C,1185.0,36,1434.85,266.39,0.67,0.0304,1168.46
2022-12-26,Email,NA,A,1277.0,42,2196.43,315.78,0.74,0.0329,1880.65
2022-12-26,Email,NA,B,1384.0,39,667.272,321.63,0.7,0.0282,1346.55
2022-12-26,Email,NA,C,1259.0,40,1721.96,297.89,0.71,0.0318,1424.07
2022-12-26,Email,EU,A,1128.0,38,2142.62,284.52,0.76,0.0337,1858.1
2022-12-26,Email,EU,B,1216.0,40,1830.81,254.6,0.63,0.0329,1576.2
2022-12-26,Email,EU,C,1185.0,38,1657.84,250.47,0.63,0.0321,1407.38
2022-12-26,Email,APAC,A,1241.0,39,2200.49,323.38,0.78,0.0314,1877.12
2022-12-26,Email,APAC,B,1447.0,47,2131.67,375.35,0.78,0.0325,1756.32
2022-12-26,Email,APAC,C,1161.0,36,662.024,268.97,0.69,0.031,1386.08
2022-12-26,Direct,NA,A,1172.0,34,1656.06,259.03,0.66,0.029,1397.03
2022-12-26,Direct,NA,B,1323.0,37,1481.04,344.79,0.78,0.028,1136.26
2022-12-26,Direct,NA,C,1168.0,39,1584.88,297.82,0.76,0.0334,1287.07
2022-12-26,Direct,EU,A,1061.0,34,1659.89,261.31,0.74,0.032,1398.59
2022-12-26,Direct,EU,B,1221.0,39,1524.04,270.71,0.66,0.0319,1253.34
2022-12-26,Direct,EU,C,1136.0,32,1292.2,243.94,0.64,0.0281,1048.25
2022-12-26,Direct,APAC,A,1274.0,36,1850.04,324.07,0.76,0.0283,1525.97
2022-12-26,Direct,APAC,B,1303.0,41,1672.63,268.46,0.62,0.0314,1404.17
2022-12-26,Direct,APAC,C,1162.0,31,1210.19,234.98,0.61,0.0267,975.21
2022-12-26,Affiliate,NA,A,1244.0,34,1728.36,252.1,0.61,0.0273,1476.27
2022-12-26,Affiliate,NA,B,1386.0,41,1611.35,359.37,0.78,0.0296,1251.98
2022-12-26,Affiliate,NA,C,248.60000000000002,39,1571.97,269.33,0.65,0.0314,1302.63
2022-12-26,Affiliate,EU,A,1146.0,36,1889.57,294.86,0.77,0.0314,1594.71
2022-12-26,Affiliate,EU,B,1150.0,34,1341.02,231.74,0.6,0.0296,1109.28
2022-12-26,Affiliate,EU,C,1121.0,37,1502.84,247.58,0.66,0.033,1255.26
2022-12-26,Affiliate,APAC,A,1260.0,42,2003.18,316.2,0.75,0.0333,1686.98
2022-12-26,Affiliate,APAC,B,1368.0,45,1822.43,130.076,0.71,0.0329,1497.24
2022-12-26,Affiliate,APAC,C,1238.0,40,1678.51,295.62,0.72,0.0323,1382.89
2022-12-27,Search,NA,A,1615.0,50,2472.31,399.4,0.74,0.0309,2072.9
2022-12-27,Search,NA,B,366.0,46,1918.96,479.44,0.79,0.0251,1439.53
2022-12-27,Search,NA,C,1659.0,39,1637.32,355.23,0.64,0.0235,1282.09
2022-12-27,Search,EU,A,1510.0,45,2149.5,361.92,0.72,0.0298,1787.58
2022-12-27,Search,EU,B,1737.0,47,1856.15,426.09,0.74,0.027,1430.06
2022-12-27,Search,EU,C,1591.0,44,1786.16,392.17,0.74,0.0277,1393.99
2022-12-27,Search,APAC,A,1592.0,43,2171.35,386.02,0.73,0.027,1785.33
2022-12-27,Search,APAC,B,1834.0,48,1952.21,422.58,0.69,0.0262,305.92600000000004
2022-12-27,Search,APAC,C,1616.0,46,1891.35,325.45,0.6,0.0284,1565.9
2022-12-27,Social,NA,A,1262.0,37,762.408,323.06,0.77,0.0293,1582.96
2022-12-27,Social,NA,B,1288.0,37,1465.48,299.75,0.7,0.0287,1165.73
2022-12-27,Social,NA,C,1183.0,30,1250.56,258.62,0.66,0.0253,991.93
2022-12-27,Social,EU,A,1157.0,36,1719.36,258.94,0.67,0.0311,1460.42
2022-12-27,Social,EU,B,1153.0,31,1253.25,237.14,0.62,0.0269,1016.11
2022-12-27,Social,EU,C,984.0,28,1163.24,253.56,0.77,0.0284,909.69
2022-12-27,Social,APAC,A,1207.0,32,1648.42,264.48,0.66,0.0477,1383.95
2022-12-27,Social,APAC,B,1301.0,38,1514.68,344.74,0.79,0.0292,1169.94
2022-12-27,Social,APAC,C,1138.0,31,1279.3,301.69,0.8,0.0272,977.62
2022-12-27,Email,NA,A,1156.0,30,640.912,236.87,0.61,0.0259,1365.41
2022-12-27,Email,NA,B,1275.0,31,1339.34,277.97,0.65,0.0243,1061.37
2022-12-27,Email,NA,C,1153.0,31,1431.17,305.65,0.79,0.0269,1125.52
2022-12-27,Email,EU,A,1048.0,30,1699.22,229.2,0.66,0.0286,1470.02
2022-12-27,Email,EU,B,1085.0,28,1213.34,233.91,0.65,0.0258,979.43
2022-12-27,Email,EU,C,1006.0,25,1075.79,246.45,0.73,0.0248,829.34
2022-12-27,Email,APAC,A,1205.0,32,1732.31,252.81,0.63,0.0266,1479.5
2022-12-27,Email,APAC,B,1284.0,34,1539.7,282.77,0.66,0.0265,1256.93
2022-12-27,Email,APAC,C,229.4,33,1485.82,273.98,0.72,0.0288,1211.83
2022-12-27,Direct,NA,A,1190.0,31,1548.11,259.78,0.65,0.0104,1288.34
2022-12-27,Direct,NA,B,1281.0,33,1362.55,282.47,0.66,0.0258,1080.09
2022-12-27,Direct,NA,C,1162.0,31,1267.9,267.99,0.69,0.0267,999.91
2022-12-27,Direct,EU,A,1162.0,34,1761.57,292.68,0.76,0.0293,1468.89
2022-12-27,Direct,EU,B,1181.0,28,1174.82,302.41,0.77,0.0237,872.41
2022-12-27,Direct,EU,C,1035.0,30,1198.73,220.61,0.64,0.029,978.12
2022-12-27,Direct,APAC,A,1166.0,36,1860.88,270.8,0.7,0.0309,1590.08
2022-12-27,Direct,APAC,B,1343.0,36,1415.27,305.1,0.68,0.0268,1110.16
2022-12-27,Direct,APAC,C,1263.0,34,1318.71,263.23,0.63,0.0269,1055.48
2022-12-27,Affiliate,NA,A,1283.0,40,2028.95,298.61,0.7,0.0312,1730.34
2022-12-27,Affiliate,NA,B,1303.0,32,1300.69,293.15,0.67,0.0245,1007.54
2022-12-27,Affiliate,NA,C,1182.0,30,1173.44,251.07,0.64,0.0254,922.37
2022-12-27,Affiliate,EU,A,1015.0,27,1321.07,259.11,0.77,0.0266,1061.96
2022-12-27,Affiliate,EU,B,1091.0,31,510.76800000000003,245.52,0.67,0.0284,1031.4
2022-12-27,Affiliate,EU,C,1009.0,27,1117.27,239.33,0.71,0.0268,877.94
2022-12-27,Affiliate,APAC,A,1137.0,33,1603.88,278.51,0.73,0.029,1325.38
2022-12-27,Affiliate,APAC,B,1310.0,36,1405.91,283.97,0.65,0.0275,1121.93
2022-12-27,Affiliate,APAC,C,1201.0,36,1389.89,300.38,0.75,0.03,1089.52
2022-12-28,Search,NA,A,1390.0,31,1547.85,286.73,0.62,0.0223,1261.12
2022-12-28,Search,NA,B,1610.0,36,1498.81,347.72,0.65,0.0223,1151.09
2022-12-28,Search,NA,C,1381.0,27,1042.69,346.25,0.75,0.0195,696.43
2022-12-28,Search,EU,A,1199.0,27,1417.44,287.52,0.72,0.0225,1129.92
2022-12-28,Search,EU,B,1468.0,39,1508.63,374.76,0.77,0.0266,1133.87
2022-12-28,Search,EU,C,1372.0,26,1082.7,330.75,0.72,0.041580000000000006,751.96
2022-12-28,Search,APAC,A,1545.0,48,2288.38,314.36,0.61,0.031,1974.02
2022-12-28,Search,APAC,B,1541.0,42,1622.99,394.64,0.77,0.0272,1228.35
2022-12-28,Search,APAC,C,1512.0,34,1298.75,326.48,0.65,0.0225,972.26
2022-12-28,Social,NA,A,1048.0,25,1222.63,252.16,0.72,0.0238,970.47
2022-12-28,Social,NA,B,1165.0,25,989.21,295.42,0.76,0.0214,693.79
2022-12-28,Social,NA,C,1050.0,25,973.69,264.17,0.75,0.0238,709.52
2022-12-28,Social,EU,A,1015.0,27,1334.79,265.96,0.79,0.0266,1068.83
2022-12-28,Social,EU,B,1077.0,28,1090.26,271.19,0.76,0.026,819.07
2022-12-28,Social,EU,C,962.0,22,894.77,254.2,0.79,0.0229,640.57
2022-12-28,Social,APAC,A,1075.0,26,1323.2,258.93,0.72,0.0242,1064.27
2022-12-28,Social,APAC,B,1242.0,28,1163.1,327.04,0.79,0.0225,836.06
2022-12-28,Social,APAC,C,1029.0,26,1088.19,225.14,0.66,0.0253,172.61
2022-12-28,Email,NA,A,1134.0,30,1618.96,301.92,0.8,0.0264,1317.04
2022-12-28,Email,NA,B,1154.0,26,1142.04,264.97,0.69,0.0225,877.08
2022-12-28,Email,NA,C,1142.0,26,1133.23,299.68,0.79,0.0228,833.55
2022-12-28,Email,EU,A,1012.0,23,1213.43,206.7,0.61,0.0227,1006.74
2022-12-28,Email,EU,B,1091.0,23,1083.45,229.15,0.63,0.0211,854.29
2022-12-28,Email,EU,C,979.0,17,762.78,211.96,0.65,0.0174,550.81
2022-12-28,Email,APAC,A,1154.0,29,1607.42,289.0,0.75,0.0251,1318.43
2022-12-28,Email,APAC,B,1133.0,30,1401.92,257.16,0.68,0.0265,1144.76
2022-12-28,Email,APAC,C,230.0,24,1046.59,250.95,0.65,0.0209,795.64
2022-12-28,Direct,NA,A,1050.0,22,1136.4,240.26,0.69,0.0209,896.15
2022-12-28,Direct,NA,B,1211.0,27,1057.1,285.3,0.71,0.0223,771.8
2022-12-28,Direct,NA,C,967.0,22,874.18,231.99,0.72,0.0227,642.18
2022-12-28,Direct,EU,A,1028.0,24,1227.96,229.37,0.67,0.00466,998.59
2022-12-28,Direct,EU,B,1104.0,26,1046.93,281.28,0.76,0.0235,765.65
2022-12-28,Direct,EU,C,1018.0,24,943.37,230.75,0.68,0.0236,712.63
2022-12-28,Direct,APAC,A,215.0,25,1245.5,256.36,0.72,0.0233,989.14
2022-12-28,Direct,APAC,B,1281.0,32,1300.32,259.1,0.61,0.025,1041.21
2022-12-28,Direct,APAC,C,1025.0,24,966.53,216.86,0.63,0.042120000000000005,749.67
2022-12-28,Affiliate,NA,A,1102.0,25,1310.45,280.67,0.76,0.0227,1029.77
2022-12-28,Affiliate,NA,B,1076.0,23,878.85,218.85,0.61,0.0214,660.0
2022-12-28,Affiliate,NA,C,1057.0,29,1173.22,227.49,0.65,0.0274,945.73
2022-12-28,Affiliate,EU,A,1003.0,20,206.47199999999998,89.88,0.67,0.0199,807.66
2022-12-28,Affiliate,EU,B,1065.0,28,1104.61,238.13,0.67,0.0263,866.48
2022-12-28,Affiliate,EU,C,939.0,24,920.13,200.92,0.64,0.0256,719.21
2022-12-28,Affiliate,APAC,A,991.0,18,874.91,456.894,0.77,0.0182,621.09
2022-12-28,Affiliate,APAC,B,1262.0,28,1107.08,321.87,0.76,0.0222,785.21
2022-12-28,Affiliate,APAC,C,970.0,22,846.44,254.37,0.79,0.0227,592.07
2022-12-29,Search,NA,A,1451.0,31,1477.56,614.97,0.71,0.0214,1135.92
2022-12-29,Search,NA,B,1434.0,28,1137.52,302.29,0.63,0.0195,835.23
2022-12-29,Search,NA,C,1443.0,31,1186.49,357.41,0.74,0.0215,829.07
2022-12-29,Search,EU,A,1237.0,25,1304.81,298.16,0.72,0.0202,1006.65
2022-12-29,Search,EU,B,1390.0,29,2564.9360000000006,310.89,0.67,0.0209,854.99
2022-12-29,Search,EU,C,1365.0,27,1092.08,347.2,0.76,0.0198,744.88
2022-12-29,Search,APAC,A,1357.0,26,1281.14,281.06,0.62,0.0192,1000.08
2022-12-29,Search,APAC,B,1687.0,32,1224.97,411.6,0.73,0.019,813.37
2022-12-29,Search,APAC,C,1367.0,27,1115.35,287.81,0.63,0.0197,827.54
2022-12-29,Social,NA,A,1022.0,20,1037.93,216.02,0.63,0.0196,821.92
2022-12-29,Social,NA,B,1040.0,22,900.37,242.91,0.7,0.0211,657.46
2022-12-29,Social,NA,C,1041.0,23,911.1,252.12,0.73,0.0221,658.98
2022-12-29,Social,EU,A,937.0,22,1092.13,229.88,0.74,0.0235,862.25
2022-12-29,Social,EU,B,1064.0,23,950.63,223.31,0.63,0.0216,727.32
2022-12-29,Social,EU,C,997.0,21,829.84,228.19,0.69,0.0211,601.65
2022-12-29,Social,APAC,A,1017.0,22,1098.24,260.69,0.77,0.0216,837.56
2022-12-29,Social,APAC,B,1014.0,21,825.32,241.56,0.71,0.0207,583.75
2022-12-29,Social,APAC,C,1022.0,22,866.43,254.19,0.75,0.0473,612.24
2022-12-29,Email,NA,A,1090.0,24,522.732,287.02,0.79,0.022,1019.81
2022-12-29,Email,NA,B,1088.0,24,1028.78,289.63,0.8,0.022,739.15
2022-12-29,Email,NA,C,1127.0,26,1125.59,277.17,0.74,0.0231,848.41
2022-12-29,Email,EU,A,847.0,18,994.6,186.95,0.66,0.0212,807.65
2022-12-29,Email,EU,B,948.0,19,848.0,200.48,0.63,0.02,647.52
2022-12-29,Email,EU,C,948.0,20,890.38,195.09,0.62,0.0211,695.29
2022-12-29,Email,APAC,A,1091.0,26,1391.94,230.11,0.63,0.0238,1161.82
2022-12-29,Email,APAC,B,1160.0,23,1026.68,303.82,0.79,0.0198,722.87
2022-12-29,Email,APAC,C,2008.6000000000001,21,952.87,184.5,0.61,0.023,1383.066
2022-12-29,Direct,NA,A,1022.0,21,1039.26,244.72,0.72,0.0205,794.53
2022-12-29,Direct,NA,B,1133.0,24,1764.198,247.53,0.66,0.0212,732.57
2022-12-29,Direct,NA,C,1056.0,21,844.19,237.75,0.67,0.0199,606.44
2022-12-29,Direct,EU,A,919.0,18,927.51,234.94,0.77,0.0196,692.57
2022-12-29,Direct,EU,B,975.0,19,792.71,248.28,0.76,0.0195,544.43
2022-12-29,Direct,EU,C,918.0,17,705.21,204.45,0.67,0.0185,500.76
2022-12-29,Direct,APAC,A,853.0,17,841.04,37.964,0.67,0.0199,651.22
2022-12-29,Direct,APAC,B,1056.0,22,906.88,251.69,0.71,0.0208,655.19
2022-12-29,Direct,APAC,C,991.0,21,820.53,208.26,0.63,0.0212,612.27
2022-12-29,Affiliate,NA,A,959.0,16,764.53,235.27,0.74,0.0167,1164.372
2022-12-29,Affiliate,NA,B,1125.0,22,853.02,277.38,0.74,0.0195,575.64
2022-12-29,Affiliate,NA,C,189.8,21,873.24,245.94,0.78,0.0221,627.3
2022-12-29,Affiliate,EU,A,865.0,16,779.24,39.36000000000001,0.68,0.0185,582.44
2022-12-29,Affiliate,EU,B,1076.0,23,949.84,263.62,0.73,0.0214,1235.1960000000001
2022-12-29,Affiliate,EU,C,1889.8000000000002,17,670.51,214.13,0.75,0.0198,456.38
2022-12-29,Affiliate,APAC,A,956.0,21,1101.72,196.49,0.62,0.022,905.23
2022-12-29,Affiliate,APAC,B,1184.0,29,1135.57,305.36,0.77,0.0245,830.22
2022-12-29,Affiliate,APAC,C,1165.0,23,913.33,264.99,0.68,0.0197,648.34
2022-12-30,Search,NA,A,1510.0,27,1309.71,387.64,0.77,0.0179,922.06
2022-12-30,Search,NA,B,1625.0,37,2678.976,414.22,0.76,0.0228,1074.09
2022-12-30,Search,NA,C,1410.0,29,1131.35,353.99,0.75,0.0206,777.37
2022-12-30,Search,EU,A,1374.0,31,1577.35,304.64,0.66,0.0226,1272.71
2022-12-30,Search,EU,B,1552.0,39,1571.76,381.18,0.74,0.0251,1190.57
2022-12-30,Search,EU,C,1221.0,25,972.63,306.81,0.75,0.0205,665.82
2022-12-30,Search,APAC,A,1404.0,33,1690.77,339.4,0.73,0.0235,1351.37
2022-12-30,Search,APAC,B,1631.0,32,1221.76,418.58,0.77,0.0196,803.18
2022-12-30,Search,APAC,C,1416.0,34,1418.32,328.49,0.7,0.05280000000000001,1089.84
2022-12-30,Social,NA,A,1022.0,18,862.34,205.53,0.6,0.0176,656.81
2022-12-30,Social,NA,B,1088.0,28,1083.56,257.51,0.71,0.0257,826.05
2022-12-30,Social,NA,C,1108.0,21,802.24,293.04,0.79,0.0189,509.19
2022-12-30,Social,EU,A,954.0,22,1100.03,226.75,0.71,0.0231,873.28
2022-12-30,Social,EU,B,937.0,22,871.78,244.82,0.78,0.0235,626.96
2022-12-30,Social,EU,C,969.0,20,802.04,212.91,0.66,0.0206,589.12
2022-12-30,Social,APAC,A,1084.0,24,1221.16,274.12,0.76,0.0221,947.05
2022-12-30,Social,APAC,B,1174.0,26,988.12,258.16,0.66,0.0221,729.96
2022-12-30,Social,APAC,C,995.0,20,810.7,242.95,0.73,0.0201,567.74
2022-12-30,Email,NA,A,1033.0,22,2139.57,256.98,0.75,0.0213,931.66
2022-12-30,Email,NA,B,1192.0,30,1300.67,265.82,0.67,0.0252,1034.85
2022-12-30,Email,NA,C,1061.0,24,1069.42,219.72,0.62,0.0226,339.88000000000005
2022-12-30,Email,EU,A,996.0,23,1201.75,207.08,0.62,0.0231,994.67
2022-12-30,Email,EU,B,982.0,24,1027.39,213.19,0.65,0.0244,814.2
2022-12-30,Email,EU,C,1013.0,22,996.51,267.4,0.79,0.0217,729.11
2022-12-30,Email,APAC,A,199.20000000000002,22,1195.48,235.73,0.71,0.0221,959.74
2022-12-30,Email,APAC,B,1059.0,26,1122.61,228.81,0.65,0.0245,893.8
2022-12-30,Email,APAC,C,1010.0,21,991.05,214.0,0.64,0.0208,777.06
2022-12-30,Direct,NA,A,1133.0,19,997.08,292.64,0.77,0.0168,704.44
2022-12-30,Direct,NA,B,1229.0,27,1059.02,272.7,0.67,0.022,786.32
2022-12-30,Direct,NA,C,1148.0,23,903.0,281.97,0.74,0.02,621.03
2022-12-30,Direct,EU,A,963.0,19,957.46,200.96,0.63,0.0197,756.5
2022-12-30,Direct,EU,B,1103.0,26,1078.78,276.17,0.75,0.0236,802.61
2022-12-30,Direct,EU,C,1048.0,23,891.17,253.09,0.72,0.0219,638.09
2022-12-30,Direct,APAC,A,1173.0,23,1115.07,301.13,0.77,0.0196,813.94
2022-12-30,Direct,APAC,B,1149.0,23,923.81,274.81,0.72,0.02,649.0
2022-12-30,Direct,APAC,C,1059.0,21,817.63,250.43,0.71,0.0198,567.2
2022-12-30,Affiliate,NA,A,1114.0,25,1249.77,225.95,0.61,0.0224,1023.82
2022-12-30,Affiliate,NA,B,1087.0,25,1011.36,47.956,0.66,0.023,771.58
2022-12-30,Affiliate,NA,C,1143.0,26,1054.66,256.5,0.67,0.0227,798.16
2022-12-30,Affiliate,EU,A,861.0,18,905.08,212.56,0.74,0.0209,692.52
2022-12-30,Affiliate,EU,B,1079.0,23,903.05,217.5,0.6,0.0213,685.55
2022-12-30,Affiliate,EU,C,881.0,21,831.26,216.05,0.74,0.0238,615.21
2022-12-30,Affiliate,APAC,A,1031.0,26,1356.51,234.54,0.68,0.0252,1121.98
2022-12-30,Affiliate,APAC,B,1121.0,24,1005.05,268.06,0.72,0.0214,737.0
2022-12-30,Affiliate,APAC,C,1012.0,22,880.52,225.39,0.67,0.0217,655.13
2022-12-31,Search,NA,A,1605.0,38,1890.83,427.86,0.8,0.0237,585.188
2022-12-31,Search,NA,B,1666.0,37,1536.72,346.09,0.62,0.0222,1190.64
2022-12-31,Search,NA,C,1470.0,34,1352.12,358.71,0.73,0.0231,993.4
2022-12-31,Search,EU,A,1388.0,36,1879.29,353.04,0.76,0.0259,1526.26
2022-12-31,Search,EU,B,1586.0,41,1636.3,333.24,0.63,0.0258,1303.06
2022-12-31,Search,EU,C,1507.0,44,1731.5,341.77,0.68,0.005840000000000001,1389.73
2022-12-31,Search,APAC,A,1561.0,37,1893.36,329.15,0.63,0.0237,1564.21
2022-12-31,Search,APAC,B,1865.0,52,2096.01,481.56,0.77,0.0279,1614.45
2022-12-31,Search,APAC,C,1644.0,40,1532.68,388.07,0.71,0.0243,1144.61
2022-12-31,Social,NA,A,1178.0,30,1469.45,266.9,0.68,0.0255,1202.55
2022-12-31,Social,NA,B,1235.0,31,1251.86,282.71,0.69,0.0251,969.16
2022-12-31,Social,NA,C,1157.0,33,1264.58,295.4,0.77,0.0285,969.18
2022-12-31,Social,EU,A,1150.0,28,1439.69,293.69,0.77,0.0243,1145.99
2022-12-31,Social,EU,B,1127.0,29,1203.52,234.85,0.62,0.0257,968.66
2022-12-31,Social,EU,C,1040.0,21,876.62,248.38,0.72,0.0202,628.24
2022-12-31,Social,APAC,A,1113.0,33,1724.34,282.86,0.76,0.0296,1441.48
2022-12-31,Social,APAC,B,1199.0,30,1217.27,275.02,0.69,0.025,942.25
2022-12-31,Social,APAC,C,1094.0,28,1165.07,262.53,0.72,0.0256,902.53
2022-12-31,Email,NA,A,1049.0,26,1365.42,240.87,0.69,0.0248,1124.55
2022-12-31,Email,NA,B,1265.0,33,1463.19,544.788,0.72,0.0261,1160.52
2022-12-31,Email,NA,C,1142.0,32,1458.93,291.34,0.77,0.028,2568.698
2022-12-31,Email,EU,A,1042.0,29,1668.04,237.25,0.68,0.0278,572.316
2022-12-31,Email,EU,B,1252.0,34,1549.22,268.83,0.64,0.0272,1280.39
2022-12-31,Email,EU,C,937.0,24,1091.27,420.48600000000005,0.61,0.0256,900.14
2022-12-31,Email,APAC,A,1135.0,33,1845.22,244.27,0.65,0.0291,1600.95
2022-12-31,Email,APAC,B,1233.0,30,1307.4,260.05,0.63,0.0243,1047.36
2022-12-31,Email,APAC,C,1098.0,25,1113.5,223.43,0.61,0.0228,890.08
2022-12-31,Direct,NA,A,951.0,28,1447.48,214.54,0.68,0.0294,1232.95
2022-12-31,Direct,NA,B,1240.0,29,1110.25,253.31,0.61,0.0234,856.94
2022-12-31,Direct,NA,C,1228.0,36,1448.33,317.69,0.78,0.0293,1130.64
2022-12-31,Direct,EU,A,1024.0,23,1097.74,249.08,0.73,0.0224,848.66
2022-12-31,Direct,EU,B,1088.0,27,1039.71,230.03,0.63,0.0248,809.68
2022-12-31,Direct,EU,C,1017.0,24,946.38,220.17,0.65,0.0236,726.21
2022-12-31,Direct,APAC,A,1185.0,25,1188.02,243.21,0.62,0.0211,944.81
2022-12-31,Direct,APAC,B,1308.0,37,1478.47,297.64,0.68,0.0283,1180.82
2022-12-31,Direct,APAC,C,1105.0,28,1083.83,245.79,0.67,0.05566,838.04
2022-12-31,Affiliate,NA,A,1218.0,33,1632.37,269.4,0.66,0.0271,1362.97
2022-12-31,Affiliate,NA,B,1220.0,31,1276.89,258.59,0.64,0.0254,1018.3
2022-12-31,Affiliate,NA,C,1157.0,34,1417.45,268.22,0.7,0.0294,1149.23
2022-12-31,Affiliate,EU,A,1003.0,25,2827.6600000000003,224.08,0.67,0.0249,1061.22
2022-12-31,Affiliate,EU,B,1118.0,29,1148.32,240.45,0.64,0.0259,907.87
2022-12-31,Affiliate,EU,C,206.60000000000002,26,1071.11,219.21,0.64,0.0252,851.9
2022-12-31,Affiliate,APAC,A,1200.0,29,1461.36,273.67,0.68,0.0242,1187.69
2022-12-31,Affiliate,APAC,B,1265.0,34,1300.11,326.29,0.77,0.0269,973.82
2022-12-31,Affiliate,APAC,C,1079.0,28,1125.44,245.79,0.68,0.0259,879.66
2023-01-01,Search,NA,A,1718.0,42,2023.4,457.92,0.8,0.0244,1565.47
2023-01-01,Search,NA,B,1799.0,59,2279.46,375.85,0.63,0.0328,1903.62
2023-01-01,Search,NA,C,1653.0,45,1797.08,404.5,0.73,0.0272,1392.58
2023-01-01,Search,EU,A,1409.0,39,1964.74,337.76,0.72,0.0277,1626.98
2023-01-01,Search,EU,B,1665.0,45,1812.65,157.81600000000003,0.71,0.027,1418.11
2023-01-01,Search,EU,C,1560.0,44,1734.45,314.71,0.61,0.0282,1419.74
2023-01-01,Search,APAC,A,1708.0,56,2854.59,668.556,0.65,0.0328,2483.16
2023-01-01,Search,APAC,B,1939.0,59,2385.99,483.06,0.75,0.0304,1902.93
2023-01-01,Search,APAC,C,1621.0,48,1904.47,352.62,0.65,0.0296,1551.84
2023-01-01,Social,NA,A,1226.0,42,1996.36,268.95,0.66,0.0342,1727.41
